,0,1,2,3,4,5,6,7,8,9,10,11,12,13,14,15,16,17,18,19,20,21,22,23,24,25,26,27,28,29,30,31,label
0,0.0,0.0,0.0,0.5460465,0.23394528,0.0,0.0,0.0,0.0,0.19700387,0.0,0.0,0.37415698,0.0,0.0,0.0,0.0,0.0,0.0,0.0,0.0,0.009886183,0.0,0.21433163,0.0,0.0,0.06107731,0.25095224,0.43583414,0.0,0.0,0.0,1
1,0.0,0.0,0.3745337,0.0,0.0,0.56707066,0.48654646,0.0,0.47723976,0.0,0.74684095,0.0,0.0,0.0,0.6566912,0.0,0.0,0.0,0.0,0.0,0.0,0.0,0.0,0.0,0.0,0.58447665,0.0,0.0,0.0,0.54503995,0.0,0.7875821,1
2,0.0,0.0,0.0,0.59137356,0.2511569,0.0,0.0,0.0,0.0,0.21475749,0.0,0.0,0.4065916,0.0,0.0,0.0,0.0,0.0,0.0,0.0,0.0,0.016227381,0.0,0.24297032,0.0,0.0,0.08323105,0.27675107,0.47131994,0.0,0.0,0.0,1
3,0.0,0.0,0.0,0.0,0.2872738,0.0,0.0,0.0,0.0,0.55749017,0.0,0.0,0.0,0.0,0.0,0.0,1.3757801,0.0,2.204736,3.127916,0.0,1.8051723,0.0,0.0,0.0,0.0,0.0,0.0,0.0,0.0,0.0,0.0,1
4,0.0,0.0,0.0,0.0,0.002683321,0.0,0.0,0.0,0.0,0.11531083,0.0,0.0,0.0,0.0,0.0,0.0,0.1484435,0.0,0.35299057,0.6225082,0.0,0.37236232,0.0,0.0,0.0,0.0,0.0,0.0,0.0,0.0,0.0,0.0,1
5,0.0,0.0,0.4323456,0.0,0.0,0.66398007,0.5575373,0.0,0.44172487,0.0,0.8056769,0.0,0.0,0.0,0.72092855,0.0,0.0,0.0,0.0,0.0,0.0,0.0,0.0,0.0,0.0,0.5879741,0.0,0.0,0.0,0.615803,0.0,0.80509293,1
6,0.0,0.0,0.21991979,0.0,0.0,0.31686136,0.20132472,0.0,0.1743615,0.0,0.27723062,0.0,0.0,0.0,0.21655738,0.046261415,0.0,0.0,0.0,0.0,0.0,0.0,0.0,0.0,0.0,0.22900617,0.0,0.0,0.0,0.23707579,0.0,0.34193566,1
7,0.0,0.0,0.2028609,0.005188234,0.0,0.2660707,0.16329248,0.0,0.18788505,0.0,0.24693283,0.0,0.0,0.0,0.15809877,0.022270635,0.018364355,0.0,0.0,0.0,0.0,0.0,0.0,0.0,0.0,0.18116449,0.0,0.010435844,0.0,0.22969069,0.0,0.30108258,1
8,0.0,0.0,0.20214193,0.008697018,0.0,0.2632192,0.1614812,0.0,0.1892448,0.0,0.24471372,0.0,0.0,0.0,0.1535824,0.020200454,0.022408001,0.0,0.0,0.0,0.0,0.0,0.0,0.0,0.0,0.17740753,0.0,0.010928242,0.0,0.22957046,0.0,0.29733095,1
9,0.0,0.0,0.0,0.0,0.24397068,0.0,0.0,0.0,0.0,0.5243824,0.0,0.0,0.0,0.0,0.0,0.0,1.0962784,0.0,1.7427022,2.472967,0.0,1.4956151,0.0,0.0,0.0,0.0,0.0,0.0,0.0,0.0,0.0,0.0,1
10,0.0,0.0,0.2063958,0.01992277,0.0,0.26836067,0.15176803,0.0,0.20122412,0.0,0.25319457,0.0,0.0,0.0,0.1579646,0.012674615,0.0319783,0.0,0.0,0.0,0.0,0.0,0.0,0.0,0.0,0.16540447,0.0,0.018843686,0.0,0.23516943,0.0,0.29825255,1
11,0.0,0.0,0.19669509,0.04004897,0.0,0.25848025,0.14123377,0.0,0.19313899,0.0,0.23833437,0.0,0.0,0.0,0.1444914,0.010239981,0.021780916,0.0,0.0,0.0,0.0,0.0,0.0,0.0,0.0,0.15509677,0.0,0.013483932,0.0066327564,0.22860491,0.0,0.27157295,1
12,0.0,0.0,0.0,0.0,0.009814549,0.0,0.0,0.0,0.0,0.14000326,0.0,0.0,0.0,0.0,0.0,0.0,0.16690294,0.0,0.40374246,0.6844877,0.0,0.4151407,0.0,0.0,0.0,0.0,0.0,0.0,0.0,0.0,0.0,0.0,1
13,0.0,0.0,0.24837305,0.0,0.0,0.38762146,0.24168013,0.0,0.2029267,0.0,0.3308605,0.0,0.0,0.0,0.27424884,0.029112406,0.0,0.0,0.0,0.0,0.0,0.0,0.0,0.0,0.0,0.28163803,0.0,0.00523239,0.0,0.25091106,0.0,0.42252275,1
14,0.0,0.0,0.19393301,0.011041351,0.0,0.24897835,0.15538031,0.0,0.180574,0.0,0.23357096,0.0,0.0,0.0,0.14950714,0.02817335,0.01642672,0.0,0.0,0.0,0.0,0.0,0.0,0.0,0.0,0.17470664,0.0,0.0053413976,0.0,0.22033632,0.0,0.2832145,1
15,0.0,0.0,0.39089802,0.0,0.0,0.60233575,0.52282095,0.0,0.49170452,0.0,0.7865597,0.0,0.0,0.0,0.7013445,0.0,0.0,0.0,0.0,0.0,0.0,0.0,0.0,0.0,0.0,0.61163515,0.0,0.0,0.0,0.56978214,0.0,0.82789254,1
16,0.0,0.0,0.40837598,0.0,0.0,0.61070573,0.58099425,0.0,0.5935289,0.0,0.8933671,0.0,0.0,0.0,0.78456694,0.0,0.0,0.0,0.0,0.0,0.0,0.0,0.0,0.0,0.0,0.680294,0.0,0.0,0.0,0.6530721,0.0,0.9156688,1
17,0.0,0.0,0.19212192,0.024076112,0.0,0.2447392,0.14316629,0.0,0.18733889,0.0,0.23211253,0.0,0.0,0.0,0.1466173,0.019188672,0.022615217,0.0,0.0,0.0,0.0,0.0,0.0,0.0,0.0,0.16115285,0.0,0.0119002145,0.0,0.2224689,0.0,0.27453697,1
18,0.0,0.0,0.31787434,0.0,0.0,0.4822485,0.31852758,0.0,0.3003106,0.0,0.5026627,0.0,0.0,0.0,0.41858238,0.039302625,0.0,0.0,0.0,0.0,0.0,0.0,0.0,0.0,0.0,0.3965653,0.0,0.0,0.0,0.39329752,0.0,0.54435956,1
19,0.0,0.0,0.37686276,0.0,0.0,0.591147,0.4038131,0.0,0.32043707,0.0,0.6072823,0.0,0.0,0.0,0.52914363,0.01987683,0.0,0.0,0.0,0.0,0.0,0.0,0.0,0.0,0.0,0.44963434,0.0,0.0,0.0,0.4841595,0.0,0.6422535,1
20,0.0,0.0,0.0,0.0,0.2968927,0.0,0.0,0.0,0.0,0.55350727,0.0,0.0,0.0,0.0,0.0,0.0,1.429395,0.0,2.3122654,3.2755277,0.0,1.8616974,0.0,0.0,0.0,0.0,0.0,0.0,0.0,0.0,0.0,0.0,1
21,0.0,0.0,0.18949759,0.019609652,0.0,0.24180675,0.14719938,0.0,0.17821766,0.0,0.2268751,0.0,0.0,0.0,0.14707756,0.023958247,0.018393122,0.0,0.0,0.0,0.0,0.0,0.0,0.0,0.0,0.16527522,0.0,0.0072288904,0.0,0.22048235,0.0,0.27288035,1
22,0.0,0.0,0.0,0.0,0.0,0.12778388,0.35441262,0.0,2.4092917,0.0,0.72264105,0.0,0.0,0.0,1.0973942,0.0,0.0,1.8203927,0.0,0.0,0.0,0.0,0.035775587,0.0,0.0,2.7105682,0.0,0.0,0.0,0.88914967,0.0,1.3384658,1
23,0.0,0.0,0.0,0.0,0.0,0.04747048,0.31033343,0.0,2.690314,0.0,0.6135509,0.0,0.0,0.0,1.1509964,0.0,0.0,2.2250862,0.0,0.0,0.0,0.0,0.0,0.0,0.0,3.1081963,0.0,0.0,0.0,0.97355473,0.0,1.3496951,1
24,0.0,0.0,0.0,0.0,0.29675007,0.0,0.0,0.0,0.0,0.5603062,0.0,0.0,0.0,0.0,0.0,0.0,1.4205346,0.0,2.2834585,3.2392519,0.0,1.8504419,0.0,0.0,0.0,0.0,0.0,0.0,0.0,0.0,0.0,0.0,1
25,0.0,0.0,0.0,0.0,0.0,0.048485927,0.31677312,0.0,2.5860534,0.0,0.63287234,0.0,0.0,0.0,1.1059747,0.0,0.0,2.100824,0.0,0.0,0.0,0.0,0.0017338097,0.0,0.0,2.9531696,0.0,0.0,0.0,0.9527793,0.0,1.3165027,1
26,0.0,0.0,0.4308934,0.0,0.0,0.6604931,0.54823077,0.0,0.43388593,0.0,0.79478425,0.0,0.0,0.0,0.7080449,0.0010611564,0.0,0.0,0.0,0.0,0.0,0.0,0.0,0.0,0.0,0.57751286,0.0,0.0,0.0,0.6094804,0.0,0.793927,1
27,0.0,0.0,0.53026974,0.0,0.0,0.841179,0.7581445,0.0,0.6416431,0.0,1.1091701,0.0,0.0,0.0,1.0058749,0.0,0.0,0.0,0.0,0.0,0.0,0.0,0.0,0.0,0.0,0.8168199,0.0,0.0,0.0,0.79688406,0.0,1.1242391,1
28,0.0,0.0,0.41574615,0.0,0.0,0.61815685,0.48152274,0.0,0.40954086,0.0,0.7416872,0.0,0.0,0.0,0.6415895,0.019653067,0.0,0.0,0.0,0.0,0.0,0.0,0.0,0.0,0.0,0.51792186,0.0,0.0,0.0,0.5600397,0.0,0.7370685,1
29,0.0,0.0,0.0,0.0,0.017831257,0.0,0.0,0.0,0.0,0.15383217,0.0,0.0,0.0,0.0,0.0,0.0,0.18171856,0.0,0.44693583,0.7485398,0.0,0.447959,0.0,0.0,0.0,0.0,0.0,0.0,0.0,0.0,0.0,0.0,1
30,0.0,0.0,0.4049643,0.0,0.0,0.6241884,0.4455074,0.0,0.35163537,0.0,0.65766877,0.0,0.0,0.0,0.57901776,0.029872328,0.0,0.0,0.0,0.0,0.0,0.0,0.0,0.0,0.0,0.49394935,0.0,0.0,0.0,0.51124847,0.0,0.68416816,1
31,0.0,0.0,0.39727813,0.0,0.0,0.6100458,0.5401858,0.0,0.5080855,0.0,0.80714065,0.0,0.0,0.0,0.72880167,0.0,0.0,0.0,0.0,0.0,0.0,0.0,0.0,0.0,0.0,0.6528822,0.0,0.0,0.0,0.5716711,0.0,0.85224193,1
32,0.0,0.0,0.0,0.0,0.29675007,0.0,0.0,0.0,0.0,0.5603062,0.0,0.0,0.0,0.0,0.0,0.0,1.4205346,0.0,2.2834585,3.2392519,0.0,1.8504419,0.0,0.0,0.0,0.0,0.0,0.0,0.0,0.0,0.0,0.0,1
33,0.0,0.0,0.27058637,0.0,0.0,0.43127003,0.28286663,0.0,0.21140462,0.0,0.36299884,0.0,0.0,0.0,0.32817417,0.025593117,0.0,0.0,0.0,0.0,0.0,0.0,0.0,0.0,0.0,0.33960518,0.0,0.0,0.0,0.2600942,0.0,0.4719577,1
34,0.0,0.0,0.41443288,0.0,0.0,0.64541554,0.57625306,0.0,0.5230893,0.0,0.8487793,0.0,0.0,0.0,0.7757007,0.0,0.0,0.0,0.0,0.0,0.0,0.0,0.0,0.0,0.0,0.6800729,0.0,0.0,0.0,0.5966352,0.0,0.89272106,1
35,0.0,0.0,0.0,0.0,0.018159319,0.0,0.0,0.0,0.0,0.16469747,0.0,0.0,0.0,0.0,0.0,0.0,0.109921694,0.0,0.36121255,0.63451767,0.0,0.39503336,0.0,0.0,0.0,0.0,0.0,0.0,0.0,0.0,0.0,0.0,1
36,0.0,0.0,0.0,0.0,0.01895473,0.0,0.0,0.0,0.0,0.16319865,0.0,0.0,0.0,0.0,0.0,0.0,0.100249365,0.0,0.35010144,0.618282,0.0,0.38888425,0.0,0.0,0.0,0.0,0.0,0.0,0.0,0.0,0.0,0.0,1
37,0.0,0.0,0.3179025,0.0,0.0,0.4984632,0.32478768,0.0,0.2478074,0.0,0.45495456,0.0,0.0,0.0,0.38901156,0.023857791,0.0,0.0,0.0,0.0,0.0,0.0,0.0,0.0,0.0,0.3813384,0.0,0.0,0.0,0.36218625,0.0,0.5287146,1
38,0.0,0.0,0.36847478,0.0,0.0,0.56246877,0.5151682,0.0,0.50550264,0.0,0.7697647,0.0,0.0,0.0,0.69030386,0.0,0.0,0.0,0.0,0.0,0.0,0.0,0.0,0.0,0.0,0.62327486,0.0,0.0,0.0,0.55899316,0.0,0.8153507,1
39,0.0,0.0,0.24979125,0.0,0.0,0.39190546,0.2537076,0.0,0.20161757,0.0,0.33467406,0.0,0.0,0.0,0.29361576,0.035557877,0.0,0.0,0.0,0.0,0.0,0.0,0.0,0.0,0.0,0.3022923,0.0,0.0,0.0,0.24541245,0.0,0.43149105,1
40,0.0,0.0,0.0,0.0,0.29675007,0.0,0.0,0.0,0.0,0.5603062,0.0,0.0,0.0,0.0,0.0,0.0,1.4205346,0.0,2.2834585,3.2392519,0.0,1.8504419,0.0,0.0,0.0,0.0,0.0,0.0,0.0,0.0,0.0,0.0,1
41,0.0,0.0,0.38365164,0.0,0.0,0.5981474,0.55314755,0.0,0.5183929,0.0,0.80807155,0.0,0.0,0.0,0.736719,0.0,0.0,0.0,0.0,0.0,0.0,0.0,0.0,0.0,0.0,0.6510021,0.0,0.0,0.0,0.582307,0.0,0.85528594,1
42,0.0,0.0,0.1918568,0.01341147,0.0,0.24393952,0.15372497,0.0,0.17931066,0.0,0.22952439,0.0,0.0,0.0,0.14781271,0.029009536,0.0168235,0.0,0.0,0.0,0.0,0.0,0.0,0.0,0.0,0.17318875,0.0,0.004662648,0.0,0.21839032,0.0,0.2779076,1
43,0.0,0.0,0.31584787,0.0,0.0,0.5180333,0.32953572,0.0,0.19617909,0.0,0.40081555,0.0,0.0,0.0,0.35936934,0.027408425,0.0,0.0,0.0,0.0,0.0,0.0,0.0,0.0,0.0,0.36009684,0.0,0.0,0.0,0.33244085,0.0,0.5026987,1
44,0.0,0.0,0.2607435,0.0,0.0,0.41983402,0.2606851,0.0,0.19297403,0.0,0.3363893,0.0,0.0,0.0,0.2663179,0.018880881,0.0,0.0,0.0,0.0,0.0,0.0,0.0,0.0,0.0,0.26912928,0.0,0.00097586215,0.0,0.28376657,0.0,0.42872688,1
45,0.0,0.0,0.0,0.0,0.014142571,0.0,0.0,0.0,0.0,0.14751731,0.0,0.0,0.0,0.0,0.0,0.0,0.17208205,0.0,0.42409298,0.71661395,0.0,0.43099177,0.0,0.0,0.0,0.0,0.0,0.0,0.0,0.0,0.0,0.0,1
46,0.0,0.0,0.30202043,0.0,0.0,0.4639073,0.2945025,0.0,0.2357799,0.0,0.4278916,0.0,0.0,0.0,0.3533032,0.037330594,0.0,0.0,0.0,0.0,0.0,0.0,0.0,0.0,0.0,0.34171465,0.0,0.0,0.0,0.3466385,0.0,0.48571754,1
47,0.0,0.0,0.0,0.0,0.0,0.124400936,0.35846704,0.0,2.4687867,0.0,0.716513,0.0,0.0,0.0,1.1259184,0.0,0.0,1.8840723,0.0,0.0,0.0,0.0,0.044563238,0.0,0.0,2.7976062,0.0,0.0,0.0,0.8904971,0.0,1.3640184,1
48,0.0,0.0,0.0,0.0,0.0,0.05153635,0.31960633,0.0,2.6442513,0.0,0.6346811,0.0,0.0,0.0,1.1378548,0.0,0.0,2.160954,0.0,0.0,0.0,0.0,0.0066420287,0.0,0.0,3.0368552,0.0,0.0,0.0,0.9601505,0.0,1.3445215,1
49,0.0,0.0,0.0,0.0,0.0,0.04747048,0.31033343,0.0,2.690314,0.0,0.6135509,0.0,0.0,0.0,1.1509964,0.0,0.0,2.2250862,0.0,0.0,0.0,0.0,0.0,0.0,0.0,3.1081963,0.0,0.0,0.0,0.97355473,0.0,1.3496951,1
50,0.0,0.0,0.0,0.0,0.0,0.16144381,0.40318146,0.0,2.416346,0.0,0.8076142,0.0,0.0,0.0,1.1563165,0.0,0.0,1.776257,0.0,0.0,0.0,0.0,0.07906629,0.0,0.0,2.7212362,0.0,0.0,0.0,0.88788295,0.0,1.4016491,1
51,0.0,0.0,0.0,0.0,0.0,0.065651886,0.3558989,0.0,2.6014931,0.0,0.703115,0.0,0.0,0.0,1.1544734,0.0,0.0,2.0642514,0.0,0.0,0.0,0.0,0.046321403,0.0,0.0,2.9753318,0.0,0.0,0.0,0.944432,0.0,1.3735235,1
52,0.0,0.0,0.0,0.0,0.0,0.05916837,0.34717593,0.0,2.6499224,0.0,0.6848759,0.0,0.0,0.0,1.1690656,0.0,0.0,2.1310313,0.0,0.0,0.0,0.0,0.039297786,0.0,0.0,3.0478566,0.0,0.0,0.0,0.9579003,0.0,1.3789276,1
53,0.0,0.0,0.0,0.0,0.0,0.044198357,0.30878264,0.0,2.6332119,0.0,0.6134468,0.0,0.0,0.0,1.1174757,0.0,0.0,2.165221,0.0,0.0,0.0,0.0,0.0,0.0,0.0,3.0257504,0.0,0.0,0.0,0.9667858,0.0,1.3211236,1
54,0.0,0.0,0.43109345,0.0,0.0,0.6609201,0.5497297,0.0,0.43490976,0.0,0.79636073,0.0,0.0,0.0,0.7100763,0.00077524036,0.0,0.0,0.0,0.0,0.0,0.0,0.0,0.0,0.0,0.57899666,0.0,0.0,0.0,0.6102525,0.0,0.79539925,1
55,0.0,0.0,0.0,0.39610192,0.16156831,0.0,0.0,0.0,0.0,0.15290628,0.0,0.0,0.27146924,0.0,0.0,0.0,0.0,0.0,0.0,0.0,0.0,0.016933016,0.0,0.11751965,0.0,0.017727405,0.012896523,0.15599048,0.30904412,0.0,0.0,0.0,1
56,0.0,0.0,0.2166994,0.0,0.0,0.28987792,0.17356463,0.0,0.19233704,0.0,0.26775506,0.0,0.0,0.0,0.17544067,0.025043018,0.017873988,0.0,0.0,0.0,0.0,0.0,0.0,0.0,0.0,0.1905852,0.0,0.013190487,0.0,0.24072903,0.0,0.32512617,1
57,0.0,0.0,0.28912175,0.0,0.0,0.45583305,0.2808883,0.0,0.19822146,0.0,0.3765691,0.0,0.0,0.0,0.3170246,0.032277063,0.0,0.0,0.0,0.0,0.0,0.0,0.0,0.0,0.0,0.3085936,0.0,0.0,0.0,0.31793705,0.0,0.457261,1
58,0.0,0.0,0.43096194,0.0,0.0,0.6602732,0.5485337,0.0,0.4333401,0.0,0.7946179,0.0,0.0,0.0,0.70808417,0.0012815222,0.0,0.0,0.0,0.0,0.0,0.0,0.0,0.0,0.0,0.57706547,0.0,0.0,0.0,0.60961854,0.0,0.7934143,1
59,0.0,0.0,0.0,0.58672845,0.2513774,0.0,0.0,0.0,0.0,0.20964964,0.0,0.0,0.40497336,0.0,0.0,0.0,0.0,0.0,0.0,0.0,0.0,0.013501927,0.0,0.24149525,0.0,0.0,0.077904955,0.275725,0.4688555,0.0,0.0,0.0,1
60,0.0,0.0,0.20418134,0.0084219575,0.0,0.27036822,0.16426367,0.0,0.19165398,0.0,0.24777395,0.0,0.0,0.0,0.15822425,0.01798983,0.019583814,0.0,0.0,0.0,0.0,0.0,0.0,0.0,0.0,0.17867458,0.0,0.0128354,0.0,0.23351799,0.0,0.30370116,1
61,0.0,0.0,0.0,0.0,0.007490674,0.0,0.0,0.0,0.0,0.14845228,0.0,0.0,0.0,0.0,0.0,0.0,0.17183268,0.0,0.43628037,0.7376303,0.0,0.4412685,0.0,0.0,0.0,0.0,0.0,0.0,0.0,0.0,0.0,0.0,1
62,0.0,0.0,0.0,0.0,0.017931398,0.0,0.0,0.0,0.0,0.16270478,0.0,0.0,0.0,0.0,0.0,0.0,0.18647106,0.0,0.46596318,0.77419657,0.0,0.46471584,0.0,0.0,0.0,0.0,0.0,0.0,0.0,0.0,0.0,0.0,1
63,0.0,0.0,0.43321887,0.0,0.0,0.6644129,0.46022558,0.0,0.41322556,0.0,0.7567494,0.0,0.0,0.0,0.6375968,0.0,0.0,0.0,0.0,0.0,0.0,0.0,0.0,0.0,0.0,0.50671107,0.0,0.0,0.0,0.58516467,0.0,0.76188254,1
64,0.0,0.0,0.4147219,0.0,0.0,0.61601794,0.5774847,0.0,0.58034676,0.0,0.88921595,0.0,0.0,0.0,0.77564335,0.0,0.0,0.0,0.0,0.0,0.0,0.0,0.0,0.0,0.0,0.66975594,0.0,0.0,0.0,0.65252244,0.0,0.907746,1
65,0.0,0.0,0.1909993,0.01547578,0.0,0.2426129,0.1500923,0.0,0.18013225,0.0,0.22900389,0.0,0.0,0.0,0.14675187,0.026947588,0.01795759,0.0,0.0,0.0,0.0,0.0,0.0,0.0,0.0,0.16977376,0.0,0.0057830866,0.0,0.21827449,0.0,0.2764345,1
66,0.0,0.0,0.20148113,0.0067538396,0.0,0.26315588,0.16349772,0.0,0.18625717,0.0,0.24402432,0.0,0.0,0.0,0.15666497,0.022980437,0.018494673,0.0,0.0,0.0,0.0,0.0,0.0,0.0,0.0,0.18140832,0.0,0.010064451,0.0,0.22851148,0.0,0.2975834,1
67,0.0,0.0,0.19364196,0.011429369,0.0,0.25037417,0.15772866,0.0,0.17893894,0.0,0.23385052,0.0,0.0,0.0,0.15037501,0.027651124,0.015851215,0.0,0.0,0.0,0.0,0.0,0.0,0.0,0.0,0.1770295,0.0,0.0047915746,0.0,0.2208883,0.0,0.28369504,1
68,0.0,0.0,0.0,0.0,0.00047805905,0.0,0.0,0.0,0.0,0.13788533,0.0,0.0,0.0,0.0,0.0,0.0,0.16138786,0.0,0.40302354,0.6828235,0.0,0.41200632,0.0,0.0,0.0,0.0,0.0,0.0,0.0,0.0,0.0,0.0,1
69,0.0,0.0,0.21745384,0.0,0.0,0.28783992,0.17102222,0.0,0.19962218,0.0,0.27089337,0.0,0.0,0.0,0.17328322,0.021117534,0.022590451,0.0,0.0,0.0,0.0,0.0,0.0,0.0,0.0,0.18542662,0.0,0.016111525,0.0,0.24206802,0.0,0.32527372,1
70,0.0,0.0,0.20287952,0.009799503,0.0,0.26298645,0.16071203,0.0,0.19473654,0.0,0.24514052,0.0,0.0,0.0,0.15519676,0.019029886,0.022104874,0.0,0.0,0.0,0.0,0.0,0.0,0.0,0.0,0.17832407,0.0,0.01654864,0.0,0.2303528,0.0,0.29822052,1
71,0.0,0.0,0.20253633,0.005688958,0.0,0.2626862,0.16312988,0.0,0.188371,0.0,0.24390753,0.0,0.0,0.0,0.15565202,0.023926888,0.019554034,0.0,0.0,0.0,0.0,0.0,0.0,0.0,0.0,0.180787,0.0,0.012482444,0.0,0.22847144,0.0,0.29760516,1
72,0.0,0.0,0.43647155,0.0,0.0,0.6725573,0.57902527,0.0,0.49956676,0.0,0.8599242,0.0,0.0,0.0,0.7710547,0.0,0.0,0.0,0.0,0.0,0.0,0.0,0.0,0.0,0.0,0.6378744,0.0,0.0,0.0,0.63543713,0.0,0.87398386,1
73,0.0,0.0,0.20406193,0.006272204,0.0,0.2706564,0.16521376,0.0,0.18875533,0.0,0.24824661,0.0,0.0,0.0,0.16007164,0.020230517,0.017136894,0.0,0.0,0.0,0.0,0.0,0.0,0.0,0.0,0.18158633,0.0,0.011412056,0.0,0.23246872,0.0,0.30420196,1
74,0.0,0.0,0.2164438,0.0,0.0,0.30352974,0.17702949,0.0,0.18952969,0.0,0.27316675,0.0,0.0,0.0,0.18256807,0.019620404,0.011094473,0.0,0.0,0.0,0.0,0.0,0.0,0.0,0.0,0.19230105,0.0,0.010815183,0.0,0.24619392,0.0,0.33297068,1
75,0.0,0.0,0.38337937,0.0,0.0,0.59218675,0.42796355,0.0,0.3705863,0.0,0.65850186,0.0,0.0,0.0,0.5816155,0.009776227,0.0,0.0,0.0,0.0,0.0,0.0,0.0,0.0,0.0,0.48128715,0.0,0.0,0.0,0.5134251,0.0,0.682894,1
76,0.0,0.0,0.46534264,0.0,0.0,0.76023865,0.58722544,0.0,0.43911314,0.0,0.8407908,0.0,0.0,0.0,0.797669,0.0,0.0,0.0,0.0,0.0,0.0,0.0,0.0,0.0,0.0,0.6225753,0.0,0.0,0.0,0.64153385,0.0,0.87699825,1
77,0.0,0.0,0.20244671,0.0058664978,0.0,0.2662929,0.16416898,0.0,0.18739761,0.0,0.24626902,0.0,0.0,0.0,0.15789029,0.022440657,0.017612979,0.0,0.0,0.0,0.0,0.0,0.0,0.0,0.0,0.1825068,0.0,0.010604648,0.0,0.22927779,0.0,0.30058435,1
78,0.0,0.0,0.0,0.32973355,0.120970435,0.0,0.0,0.0,0.0,0.1339801,0.0,0.0,0.22535174,0.0,0.0,0.0,0.0,0.0,0.0,0.0,0.0,0.02284729,0.0,0.067261636,0.0,0.041327488,0.0,0.10553452,0.24778663,0.0,0.0,0.0,1
79,0.0,0.0,0.0,0.0,0.28346318,0.0,0.0,0.0,0.0,0.5385996,0.0,0.0,0.0,0.0,0.0,0.0,1.3714877,0.0,2.2104611,3.1313314,0.0,1.7962093,0.0,0.0,0.0,0.0,0.0,0.0,0.0,0.0,0.0,0.0,1
80,0.0,0.0,0.0,0.0,0.010707965,0.0,0.0,0.0,0.0,0.1271668,0.0,0.0,0.0,0.0,0.0,0.0,0.075520456,0.0,0.29102352,0.5521926,0.0,0.33208668,0.0,0.0,0.0,0.0,0.0,0.0,0.0,0.0,0.0,0.0,1
81,0.0,0.0,0.0,0.0,0.0,0.0,0.0,0.0,0.0,0.12579416,0.0,0.0,0.0,0.0,0.0,0.0,0.14995979,0.0,0.38989243,0.681996,0.0,0.39966416,0.0,0.0,0.0,0.0,0.0,0.0,0.0,0.0,0.0,0.0,1
82,0.0,0.0,0.0,0.0,0.28896275,0.0,0.0,0.0,0.0,0.5683488,0.0,0.0,0.0,0.0,0.0,0.0,1.3990743,0.0,2.247922,3.1796565,0.0,1.8381805,0.0,0.0,0.0,0.0,0.0,0.0,0.0,0.0,0.0,0.0,1
83,0.0,0.0,0.0,0.0,0.24752204,0.0,0.0,0.0,0.0,0.5080503,0.0,0.0,0.0,0.0,0.0,0.0,1.2001518,0.0,1.9081855,2.707144,0.0,1.6011494,0.0,0.0,0.0,0.0,0.0,0.0,0.0,0.0,0.0,0.0,1
84,0.0,0.0,0.0,0.0,0.29183644,0.0,0.0,0.0,0.0,0.5499038,0.0,0.0,0.0,0.0,0.0,0.0,1.4044847,0.0,2.2658753,3.2115114,0.0,1.831897,0.0,0.0,0.0,0.0,0.0,0.0,0.0,0.0,0.0,0.0,1
85,0.0,0.0,0.1918568,0.01341147,0.0,0.24393952,0.15372497,0.0,0.17931066,0.0,0.22952439,0.0,0.0,0.0,0.14781271,0.029009536,0.0168235,0.0,0.0,0.0,0.0,0.0,0.0,0.0,0.0,0.17318875,0.0,0.004662648,0.0,0.21839032,0.0,0.2779076,1
86,0.0,0.0,0.38196382,0.0,0.0,0.59549445,0.41901627,0.0,0.34060714,0.0,0.634269,0.0,0.0,0.0,0.5617016,0.012705773,0.0,0.0,0.0,0.0,0.0,0.0,0.0,0.0,0.0,0.46250167,0.0,0.0,0.0,0.5101063,0.0,0.6575359,1
87,0.0,0.0,0.21565486,0.0,0.0,0.29740837,0.1760352,0.0,0.1893144,0.0,0.2704147,0.0,0.0,0.0,0.1800164,0.02258499,0.012663037,0.0,0.0,0.0,0.0,0.0,0.0,0.0,0.0,0.19369304,0.0,0.010205971,0.0,0.24135572,0.0,0.3284354,1
88,0.0,0.0,0.4331609,0.0,0.0,0.6649565,0.5574614,0.0,0.43984854,0.0,0.80523044,0.0,0.0,0.0,0.7205577,0.0,0.0,0.0,0.0,0.0,0.0,0.0,0.0,0.0,0.0,0.5865237,0.0,0.0,0.0,0.6161684,0.0,0.80393714,1
89,0.0,0.0,0.4484342,0.0,0.0,0.7167002,0.7145438,0.0,0.660904,0.0,1.0266672,0.0,0.0,0.0,0.9434892,0.0,0.0,0.0,0.0,0.0,0.0,0.0,0.0,0.0,0.0,0.80795807,0.0,0.0,0.0,0.7333609,0.0,1.0660226,1
90,0.0,0.0,0.0,0.0,0.0,0.08511181,0.33988225,0.0,2.6381557,0.0,0.6857859,0.0,0.0,0.0,1.1365566,0.0,0.0,2.0812662,0.0,0.0,0.0,0.0,0.015055452,0.0,0.0,2.9920022,0.0,0.0,0.0,0.9582186,0.0,1.3889538,0
91,0.0,0.0,0.25410765,0.0,0.0,0.3990483,0.25861976,0.0,0.20302796,0.0,0.34142888,0.0,0.0,0.0,0.30037063,0.034758873,0.0,0.0,0.0,0.0,0.0,0.0,0.0,0.0,0.0,0.30624336,0.0,0.0,0.0,0.24764957,0.0,0.43784803,0
92,0.0,0.0,0.0,0.0,0.0,0.04184265,0.29965732,0.0,2.7486007,0.0,0.5932473,0.0,0.0,0.0,1.158618,0.0,0.0,2.3028517,0.0,0.0,0.0,0.0,0.0,0.0,0.0,3.18905,0.0,0.0,0.0,0.9945134,0.0,1.3526114,0
93,0.0,0.0,0.26207423,0.0,0.0,0.41688383,0.2547987,0.0,0.19813378,0.0,0.33764625,0.0,0.0,0.0,0.2598744,0.014729269,0.0,0.0,0.0,0.0,0.0,0.0,0.0,0.0,0.0,0.26186815,0.0,0.010056002,0.0,0.29094952,0.0,0.42892203,0
94,0.0,0.0,0.21206918,0.0,0.0,0.2882714,0.17253417,0.0,0.18734103,0.0,0.26664197,0.0,0.0,0.0,0.1755096,0.022140652,0.018253982,0.0,0.0,0.0,0.0,0.0,0.0,0.0,0.0,0.18722865,0.0,0.007448541,0.0,0.2395853,0.0,0.32080185,0
95,0.0,0.0,0.0,0.0,0.0,0.113854855,0.3523796,0.0,2.4383395,0.0,0.71424526,0.0,0.0,0.0,1.10491,0.0,0.0,1.8596115,0.0,0.0,0.0,0.0,0.040616874,0.0,0.0,2.7600684,0.0,0.0,0.0,0.88966894,0.0,1.33786,0
96,0.0,0.0,0.19883645,0.008319542,0.0,0.2584492,0.16017334,0.0,0.18526655,0.0,0.24302506,0.0,0.0,0.0,0.15429497,0.022103399,0.022024736,0.0,0.0,0.0,0.0,0.0,0.0,0.0,0.0,0.17632726,0.0,0.007240111,0.0,0.22665206,0.0,0.2932136,0
97,0.0,0.0,0.38603303,0.0,0.0,0.59927756,0.43119532,0.0,0.35694435,0.0,0.64366853,0.0,0.0,0.0,0.56754786,0.01282151,0.0,0.0,0.0,0.0,0.0,0.0,0.0,0.0,0.0,0.49972773,0.0,0.0,0.0,0.49237502,0.0,0.68695086,0
98,0.0,0.0,0.38841176,0.0,0.0,0.6108986,0.4228102,0.0,0.35217562,0.0,0.6473288,0.0,0.0,0.0,0.56859857,0.006838754,0.0,0.0,0.0,0.0,0.0,0.0,0.0,0.0,0.0,0.4668348,0.0,0.0,0.0,0.5204594,0.0,0.6748331,0
99,0.0,0.0,0.0,0.0,0.0,0.04376489,0.30205885,0.0,2.7629302,0.0,0.5981828,0.0,0.0,0.0,1.1731576,0.0,0.0,2.3147502,0.0,0.0,0.0,0.0,0.0,0.0,0.0,3.2068157,0.0,0.0,0.0,0.99437594,0.0,1.3650126,0
100,0.0,0.0,0.0,0.32700908,0.12793414,0.0,0.0,0.0,0.0,0.13496314,0.0,0.0,0.22395621,0.0,0.0,0.0,0.0,0.0,0.0,0.0,0.0,0.019635413,0.0,0.07361667,0.0,0.034139886,0.0,0.11223126,0.25210863,0.0,0.0,0.0,0
101,0.0,0.0,0.38045552,0.0,0.0,0.5991703,0.58080196,0.0,0.55565274,0.0,0.8429285,0.0,0.0,0.0,0.7741011,0.0,0.0,0.0,0.0,0.0,0.0,0.0,0.0,0.0,0.0,0.6870309,0.0,0.0,0.0,0.6022874,0.0,0.89136165,0
102,0.0,0.0,0.298382,0.0,0.0,0.45231524,0.28628308,0.0,0.24199009,0.0,0.42740184,0.0,0.0,0.0,0.34720224,0.03571505,0.0,0.0,0.0,0.0,0.0,0.0,0.0,0.0,0.0,0.33516997,0.0,0.0,0.0,0.3488658,0.0,0.48023757,0
103,0.0,0.0,0.41699812,0.0,0.0,0.6393343,0.56059134,0.0,0.4542765,0.0,0.79828167,0.0,0.0,0.0,0.7174727,0.0,0.0,0.0,0.0,0.0,0.0,0.0,0.0,0.0,0.0,0.60337573,0.0,0.0,0.0,0.6097784,0.0,0.8068158,0
104,0.0,0.0,0.45209265,0.0,0.0,0.7302835,0.5772228,0.0,0.42375314,0.0,0.81721014,0.0,0.0,0.0,0.7776867,0.0,0.0,0.0,0.0,0.0,0.0,0.0,0.0,0.0,0.0,0.60980177,0.0,0.0,0.0,0.6241642,0.0,0.84633255,0
105,0.0,0.0,0.25013202,0.0,0.0,0.3881267,0.25145853,0.0,0.20413539,0.0,0.3374784,0.0,0.0,0.0,0.30142438,0.04271239,0.0,0.0,0.0,0.0,0.0,0.0,0.0,0.0,0.0,0.30924943,0.0,0.0,0.0,0.24341731,0.0,0.43205237,0
106,0.0,0.0,0.0,0.0,0.27192375,0.0,0.0,0.0,0.0,0.5341228,0.0,0.0,0.0,0.0,0.0,0.0,1.3551813,0.0,2.1874442,3.0994875,0.0,1.7771128,0.0,0.0,0.0,0.0,0.0,0.0,0.0,0.0,0.0,0.0,0
107,0.0,0.0,0.28331906,0.0,0.0,0.44017586,0.26528597,0.0,0.20332253,0.0,0.36581945,0.0,0.0,0.0,0.29403237,0.02452916,0.0,0.0,0.0,0.0,0.0,0.0,0.0,0.0,0.0,0.28818452,0.0,0.007835137,0.0,0.31445923,0.0,0.4458742,0
108,0.0,0.0,0.0,0.0,0.0095932,0.0,0.0,0.0,0.0,0.13282442,0.0,0.0,0.0,0.0,0.0,0.0,0.08447437,0.0,0.29954562,0.556687,0.0,0.3427685,0.0,0.0,0.0,0.0,0.0,0.0,0.0,0.0,0.0,0.0,0
109,0.0,0.0,0.36969405,0.0,0.0,0.5634237,0.41825852,0.0,0.3591176,0.0,0.6370451,0.0,0.0,0.0,0.5642984,0.017181128,0.0,0.0,0.0,0.0,0.0,0.0,0.0,0.0,0.0,0.47265062,0.0,0.0,0.0,0.4956089,0.0,0.6573708,0
110,0.0,0.0,0.501454,0.0,0.0,0.795331,0.7552191,0.0,0.6737606,0.0,1.0997139,0.0,0.0,0.0,1.0002006,0.0,0.0,0.0,0.0,0.0,0.0,0.0,0.0,0.0,0.0,0.84134686,0.0,0.0,0.0,0.7897916,0.0,1.125361,0
111,0.0,0.0,0.31518787,0.0,0.0,0.47778025,0.31242853,0.0,0.29791605,0.0,0.49966508,0.0,0.0,0.0,0.41361755,0.037361383,0.0,0.0,0.0,0.0,0.0,0.0,0.0,0.0,0.0,0.38863206,0.0,0.0,0.0,0.39360502,0.0,0.5399445,0
112,0.0,0.0,0.36573833,0.0,0.0,0.5615167,0.50444305,0.0,0.5119967,0.0,0.7607537,0.0,0.0,0.0,0.6762296,0.0,0.0,0.0,0.0,0.0,0.0,0.0,0.0,0.0,0.0,0.6300191,0.0,0.0,0.0,0.5557283,0.0,0.8105864,0
113,0.0,0.0,0.0,0.3083675,0.11575162,0.0,0.0,0.0,0.0,0.12247643,0.0,0.0,0.21245311,0.0,0.0,0.0,0.0,0.0,0.0,0.0,0.0,0.021166295,0.0,0.057611447,0.0,0.05135033,0.0,0.095984645,0.23154424,0.0016540214,0.0,0.0,0
114,0.0,0.0,0.46937463,0.0,0.0,0.7332473,0.7010603,0.0,0.60876864,0.0,1.0092496,0.0,0.0,0.0,0.9184792,0.0,0.0,0.0,0.0,0.0,0.0,0.0,0.0,0.0,0.0,0.76661384,0.0,0.0,0.0,0.7284982,0.0,1.0299058,0
115,0.0,0.0,0.42325935,0.0,0.0,0.63545406,0.5442729,0.0,0.4592468,0.0,0.8085695,0.0,0.0,0.0,0.7144592,0.0,0.0,0.0,0.0,0.0,0.0,0.0,0.0,0.0,0.0,0.59737706,0.0,0.0,0.0,0.60948205,0.0,0.8113735,0
116,0.0,0.0,0.38014093,0.0,0.0,0.58301055,0.42484945,0.0,0.36811253,0.0,0.653159,0.0,0.0,0.0,0.57522935,0.013696179,0.0,0.0,0.0,0.0,0.0,0.0,0.0,0.0,0.0,0.4785113,0.0,0.0,0.0,0.5078404,0.0,0.67604405,0
117,0.0,0.0,0.2832929,0.0,0.0,0.44370866,0.27030137,0.0,0.19703957,0.0,0.36765414,0.0,0.0,0.0,0.30126557,0.029926538,0.0,0.0,0.0,0.0,0.0,0.0,0.0,0.0,0.0,0.2923294,0.0,0.0,0.0,0.3138848,0.0,0.4467246,0
118,0.0,0.0,0.42860284,0.0,0.0,0.65795684,0.5414367,0.0,0.46195817,0.0,0.8092326,0.0,0.0,0.0,0.71500486,0.0,0.0,0.0,0.0,0.0,0.0,0.0,0.0,0.0,0.0,0.60128146,0.0,0.0,0.0,0.6068772,0.0,0.82481295,0
119,0.0,0.0,0.0,0.27911735,0.10621639,0.0,0.0,0.0,0.0,0.11425273,0.0,0.0,0.1899576,0.0,0.0,0.0,0.0,0.0,0.0,0.0,0.0,0.016727652,0.0,0.044214424,0.0,0.06039324,0.0,0.08463697,0.2072923,0.015041761,0.0,0.0034155399,0
120,0.0,0.0,0.2136922,0.0,0.0,0.2791024,0.16364293,0.0,0.19457309,0.0,0.26250577,0.0,0.0,0.0,0.16723223,0.021712728,0.026874334,0.0,0.0,0.0,0.0,0.0,0.0,0.0,0.0,0.17454141,0.0,0.012327557,0.0,0.24293987,0.0,0.3160781,0
121,0.0,0.0,0.0,0.0,0.0,0.043047346,0.31439173,0.0,2.6125932,0.0,0.6329317,0.0,0.0,0.0,1.1191901,0.0,0.0,2.1346087,0.0,0.0,0.0,0.0,0.0027523302,0.0,0.0,2.9976516,0.0,0.0,0.0,0.9564905,0.0,1.3189775,0
122,0.0,0.0,0.34973836,0.0,0.0,0.5437597,0.51960015,0.0,0.5476344,0.0,0.77871305,0.0,0.0,0.0,0.7078504,0.0,0.0,0.0,0.0,0.0,0.0,0.0,0.0,0.0,0.0,0.66343004,0.0,0.0,0.0,0.5640812,0.0,0.8297958,0
123,0.0,0.0,0.4291052,0.0,0.0,0.65833277,0.57623863,0.0,0.45999935,0.0,0.8232772,0.0,0.0,0.0,0.741664,0.0,0.0,0.0,0.0,0.0,0.0,0.0,0.0,0.0,0.0,0.6085373,0.0,0.0,0.0,0.6227852,0.0,0.82457954,0
124,0.0,0.0,0.0,0.0,0.0,0.21189275,0.40829253,0.0,2.1190968,0.0,0.7942202,0.0,0.0,0.0,1.0533948,0.0,0.0,1.4898715,0.0,0.0,0.0,0.0,0.06860843,0.0,0.0,2.3628707,0.0,0.0,0.0,0.8112725,0.0,1.2960745,0
125,0.0,0.0,0.40210092,0.0,0.0,0.6086235,0.5878413,0.0,0.5799402,0.0,0.8815627,0.0,0.0,0.0,0.7859565,0.0,0.0,0.0,0.0,0.0,0.0,0.0,0.0,0.0,0.0,0.6810695,0.0,0.0,0.0,0.643317,0.0,0.9060925,0
126,0.0,0.0,0.0,0.36545733,0.14515066,0.0,0.0,0.0,0.0,0.14597759,0.0,0.0,0.24958049,0.0,0.0,0.0,0.0,0.0,0.0,0.0,0.0,0.019101046,0.0,0.0977564,0.0,0.025133386,0.004249729,0.13573775,0.28301415,0.0,0.0,0.0,0
127,0.0,0.0,0.44972318,0.0,0.0,0.6798297,0.56639946,0.0,0.43451634,0.0,0.8210995,0.0,0.0,0.0,0.7335015,0.0019469485,0.0,0.0,0.0,0.0,0.0,0.0,0.0,0.0,0.0,0.59453964,0.0,0.0,0.0,0.6220597,0.0,0.815208,0
128,0.0,0.0,0.0,0.35132766,0.13964026,0.0,0.0,0.0,0.0,0.14127387,0.0,0.0,0.24175438,0.0,0.0,0.0,0.0,0.0,0.0,0.0,0.0,0.020595001,0.0,0.091029555,0.0,0.029644266,0.0029352382,0.12617025,0.27235806,0.0,0.0,0.0,0
129,0.0,0.0,0.0,0.0,0.0076789577,0.0,0.0,0.0,0.0,0.10000932,0.0,0.0,0.0,0.0,0.0,0.0,0.14179401,0.0,0.34569815,0.6407018,0.0,0.37641114,0.0,0.0,0.0,0.0,0.0,0.0,0.0,0.0,0.0,0.0,0
130,0.0,0.0,0.0,0.0,0.0,0.03989488,0.30017126,0.0,2.615463,0.0,0.6016857,0.0,0.0,0.0,1.1061035,0.0,0.0,2.1570773,0.0,0.0,0.0,0.0,0.0,0.0,0.0,3.0029945,0.0,0.0,0.0,0.96020854,0.0,1.3043387,0
131,0.0,0.0,0.35370937,0.0,0.0,0.5588622,0.3516196,0.0,0.25499943,0.0,0.50781393,0.0,0.0,0.0,0.42955202,0.038772516,0.0,0.0,0.0,0.0,0.0,0.0,0.0,0.0,0.0,0.40494955,0.0,0.0,0.0,0.40020317,0.0,0.58114815,0
132,0.0,0.0,0.51074755,0.0,0.0,0.80158234,0.72664917,0.0,0.63773,0.0,1.0657612,0.0,0.0,0.0,0.95300734,0.0,0.0,0.0,0.0,0.0,0.0,0.0,0.0,0.0,0.0,0.8058457,0.0,0.0,0.0,0.7798208,0.0,1.0886828,0
133,0.0,0.0,0.0,0.0,0.0022892654,0.0,0.0,0.0,0.0,0.16270846,0.0,0.0,0.0,0.0,0.0,0.0,0.17389469,0.0,0.45541224,0.7623039,0.0,0.46048075,0.0,0.0,0.0,0.0,0.0,0.0,0.0,0.0,0.0,0.0,0
134,0.0,0.0,0.36944512,0.0,0.0,0.5759023,0.5623077,0.0,0.5991038,0.0,0.8460929,0.0,0.0,0.0,0.7492932,0.0,0.0,0.0,0.0,0.0,0.0,0.0,0.0,0.0,0.0,0.70523465,0.0,0.0,0.0,0.62962794,0.0,0.89358747,0
135,0.0,0.0,0.0,0.0,0.0,0.06360378,0.32905897,0.0,2.497977,0.0,0.64749235,0.0,0.0,0.0,1.0825738,0.0,0.0,1.9956273,0.0,0.0,0.0,0.0,0.020167816,0.0,0.0,2.851395,0.0,0.0,0.0,0.9209944,0.0,1.2915753,0
136,0.0,0.0,0.20641091,0.005546257,0.0,0.2636992,0.15437365,0.0,0.19624612,0.0,0.25316727,0.0,0.0,0.0,0.1590791,0.023091901,0.025157548,0.0,0.0,0.0,0.0,0.0,0.0,0.0,0.0,0.1682058,0.0,0.013431447,0.0,0.2323357,0.0,0.29973698,0
137,0.0,0.0,0.21735214,0.0,0.0,0.30823335,0.19855501,0.0,0.17296001,0.0,0.27441,0.0,0.0,0.0,0.2197968,0.052617334,0.0,0.0,0.0,0.0,0.0,0.0,0.0,0.0,0.0,0.23301071,0.0,0.0,0.0,0.23408055,0.0,0.33775872,0
138,0.0,0.0,0.0,0.0,0.0,0.038098164,0.3057811,0.0,2.6602075,0.0,0.6130911,0.0,0.0,0.0,1.1313956,0.0,0.0,2.2000198,0.0,0.0,0.0,0.0,0.0,0.0,0.0,3.0704343,0.0,0.0,0.0,0.97047377,0.0,1.323626,0
139,0.0,0.0,0.38169703,0.0,0.0,0.59339255,0.55573905,0.0,0.5315428,0.0,0.81648254,0.0,0.0,0.0,0.7422737,0.0,0.0,0.0,0.0,0.0,0.0,0.0,0.0,0.0,0.0,0.65820634,0.0,0.0,0.0,0.5894364,0.0,0.8618478,0
140,0.0,0.0,0.0,0.0,0.0,0.033373594,0.28573996,0.0,2.7582,0.0,0.5667866,0.0,0.0,0.0,1.1401446,0.0,0.0,2.3335087,0.0,0.0,0.0,0.0,0.0,0.0,0.0,3.207077,0.0,0.0,0.0,1.0026135,0.0,1.3312674,0
141,0.0,0.0,0.39787754,0.0,0.0,0.5858336,0.55222297,0.0,0.54421395,0.0,0.8385105,0.0,0.0,0.0,0.73286504,0.0,0.0,0.0,0.0,0.0,0.0,0.0,0.0,0.0,0.0,0.6435157,0.0,0.0,0.0,0.6229415,0.0,0.8556059,0
142,0.0,0.0,0.43699613,0.0,0.0,0.66963565,0.55037355,0.0,0.42149183,0.0,0.79017174,0.0,0.0,0.0,0.70553184,0.0047320947,0.0,0.0,0.0,0.0,0.0,0.0,0.0,0.0,0.0,0.5746764,0.0,0.0,0.0,0.60886323,0.0,0.7890735,0
143,0.0,0.0,0.37865448,0.0,0.0,0.57855463,0.42548612,0.0,0.36121118,0.0,0.6477293,0.0,0.0,0.0,0.5762191,0.013590962,0.0,0.0,0.0,0.0,0.0,0.0,0.0,0.0,0.0,0.47682643,0.0,0.0,0.0,0.50588673,0.0,0.66632533,0
144,0.0,0.0,0.41361454,0.0,0.0,0.6122888,0.55833733,0.0,0.5409454,0.0,0.8463685,0.0,0.0,0.0,0.7359865,0.0,0.0,0.0,0.0,0.0,0.0,0.0,0.0,0.0,0.0,0.65314627,0.0,0.0,0.0,0.63021386,0.0,0.86587363,0
145,0.0,0.0,0.2851774,0.0,0.0,0.42710888,0.26518202,0.0,0.22739045,0.0,0.39525282,0.0,0.0,0.0,0.3129993,0.03291764,0.0,0.0,0.0,0.0,0.0,0.0,0.0,0.0,0.0,0.30634242,0.0,0.0,0.0,0.33475134,0.0,0.45160154,0
146,0.0,0.0,0.34417936,0.0,0.0,0.5344003,0.3573712,0.0,0.32036364,0.0,0.56338006,0.0,0.0,0.0,0.4801587,0.028048709,0.0,0.0,0.0,0.0,0.0,0.0,0.0,0.0,0.0,0.41625735,0.0,0.0,0.0,0.4461598,0.0,0.6040173,0
147,0.0,0.0,0.30609947,0.0,0.0,0.4527255,0.28619987,0.0,0.28903085,0.0,0.47919667,0.0,0.0,0.0,0.38691485,0.040168684,0.0,0.0,0.0,0.0,0.0,0.0,0.0,0.0,0.0,0.36158368,0.0,0.0,0.0,0.37403393,0.0,0.51492745,0
148,0.0,0.0,0.45209265,0.0,0.0,0.7302835,0.5772228,0.0,0.42375314,0.0,0.81721014,0.0,0.0,0.0,0.7776867,0.0,0.0,0.0,0.0,0.0,0.0,0.0,0.0,0.0,0.0,0.60980177,0.0,0.0,0.0,0.6241642,0.0,0.84633255,0
149,0.0,0.0,0.31734556,0.0,0.0,0.47540724,0.30320147,0.0,0.27528334,0.0,0.47903085,0.0,0.0,0.0,0.39307022,0.046255883,0.0,0.0,0.0,0.0,0.0,0.0,0.0,0.0,0.0,0.37057626,0.0,0.0,0.0,0.3767307,0.0,0.516541,0
150,0.0,0.0,0.30945632,0.0,0.0,0.46169144,0.28896096,0.0,0.29171234,0.0,0.48248118,0.0,0.0,0.0,0.3890667,0.033092175,0.0,0.0,0.0,0.0,0.0,0.0,0.0,0.0,0.0,0.3622219,0.0,0.0,0.0,0.37942427,0.0,0.52124304,0
151,0.0,0.0,0.0,0.0,0.0,0.042167284,0.30721626,0.0,2.7564762,0.0,0.616957,0.0,0.0,0.0,1.1805586,0.0,0.0,2.29749,0.0,0.0,0.0,0.0,0.0,0.0,0.0,3.1928961,0.0,0.0,0.0,0.99499536,0.0,1.3758548,0
152,0.0,0.0,0.45591685,0.0,0.0,0.74018544,0.54514754,0.0,0.4071629,0.0,0.7910138,0.0,0.0,0.0,0.7339208,0.0,0.0,0.0,0.0,0.0,0.0,0.0,0.0,0.0,0.0,0.58181965,0.0,0.0,0.0,0.6139053,0.0,0.8229478,0
153,0.0,0.0,0.2653414,0.0,0.0,0.4273998,0.26513267,0.0,0.1950593,0.0,0.34411663,0.0,0.0,0.0,0.27844873,0.022397593,0.0,0.0,0.0,0.0,0.0,0.0,0.0,0.0,0.0,0.27727234,0.0,0.0,0.0,0.2883455,0.0,0.4402542,0
154,0.0,0.0,0.4622828,0.0,0.0,0.7466385,0.5742458,0.0,0.41526714,0.0,0.81731766,0.0,0.0,0.0,0.7769346,0.0,0.0,0.0,0.0,0.0,0.0,0.0,0.0,0.0,0.0,0.600721,0.0,0.0,0.0,0.63153076,0.0,0.84486425,0
155,0.0,0.0,0.45828527,0.0,0.0,0.71405536,0.67828274,0.0,0.6239016,0.0,0.98873353,0.0,0.0,0.0,0.8888711,0.0,0.0,0.0,0.0,0.0,0.0,0.0,0.0,0.0,0.0,0.77411705,0.0,0.0,0.0,0.7210616,0.0,1.0220128,0
156,0.0,0.0,0.0,0.0,0.28927752,0.0,0.0,0.0,0.0,0.5368365,0.0,0.0,0.0,0.0,0.0,0.0,1.4022548,0.0,2.2772734,3.2132483,0.0,1.8372515,0.0,0.0,0.0,0.0,0.0,0.0,0.0,0.0,0.0,0.0,0
157,0.0,0.0,0.42037496,0.0,0.0,0.6418461,0.5683495,0.0,0.48427188,0.0,0.8297338,0.0,0.0,0.0,0.7443106,0.0,0.0,0.0,0.0,0.0,0.0,0.0,0.0,0.0,0.0,0.62939113,0.0,0.0,0.0,0.61865735,0.0,0.842355,0
158,0.0,0.0,0.35681003,0.0,0.0,0.55190307,0.5158186,0.0,0.5357021,0.0,0.77553576,0.0,0.0,0.0,0.7003904,0.0,0.0,0.0,0.0,0.0,0.0,0.0,0.0,0.0,0.0,0.64954025,0.0,0.0,0.0,0.564301,0.0,0.825639,0
159,0.0,0.0,0.0,0.0,0.0,0.04215958,0.30399743,0.0,2.6651917,0.0,0.6086694,0.0,0.0,0.0,1.129621,0.0,0.0,2.205,0.0,0.0,0.0,0.0,0.0,0.0,0.0,3.0713017,0.0,0.0,0.0,0.9728819,0.0,1.3292574,0
160,0.0,0.0,0.37593216,0.0,0.0,0.57638836,0.41437235,0.0,0.34994245,0.0,0.6340654,0.0,0.0,0.0,0.561236,0.015224688,0.0,0.0,0.0,0.0,0.0,0.0,0.0,0.0,0.0,0.46463048,0.0,0.0,0.0,0.49954376,0.0,0.6543795,0
161,0.0,0.0,0.0,0.0,0.0,0.11956782,0.35736024,0.0,2.5369382,0.0,0.7091669,0.0,0.0,0.0,1.1481194,0.0,0.0,1.957867,0.0,0.0,0.0,0.0,0.040973138,0.0,0.0,2.884,0.0,0.0,0.0,0.9061874,0.0,1.3871416,0
162,0.0,0.0,0.37440553,0.0,0.0,0.58333844,0.4112053,0.0,0.34112653,0.0,0.624273,0.0,0.0,0.0,0.5526347,0.015876278,0.0,0.0,0.0,0.0,0.0,0.0,0.0,0.0,0.0,0.4598334,0.0,0.0,0.0,0.50000036,0.0,0.6486179,0
163,0.0,0.0,0.36974868,0.0,0.0,0.57474136,0.39851475,0.0,0.33308983,0.0,0.6118743,0.0,0.0,0.0,0.5362494,0.018604234,0.0,0.0,0.0,0.0,0.0,0.0,0.0,0.0,0.0,0.4482588,0.0,0.0,0.0,0.4920383,0.0,0.63539314,0
164,0.0,0.0,0.25366336,0.0,0.0,0.40021244,0.25640696,0.0,0.20378238,0.0,0.34232867,0.0,0.0,0.0,0.30330735,0.03623976,0.0,0.0,0.0,0.0,0.0,0.0,0.0,0.0,0.0,0.3071388,0.0,0.0,0.0,0.25134772,0.0,0.44060662,0
165,0.0,0.0,0.2563635,0.0,0.0,0.4031475,0.25865972,0.0,0.20691042,0.0,0.3478437,0.0,0.0,0.0,0.3112481,0.04030853,0.0,0.0,0.0,0.0,0.0,0.0,0.0,0.0,0.0,0.3140655,0.0,0.0,0.0,0.25168914,0.0,0.44611067,0
166,0.0,0.0,0.3109763,0.0,0.0,0.46423158,0.29000467,0.0,0.29003876,0.0,0.48071313,0.0,0.0,0.0,0.38552165,0.035900448,0.0,0.0,0.0,0.0,0.0,0.0,0.0,0.0,0.0,0.36288267,0.0,0.0,0.0,0.37638444,0.0,0.5267299,0
167,0.0,0.0,0.36394665,0.0,0.0,0.562953,0.5380485,0.0,0.54788125,0.0,0.80295956,0.0,0.0,0.0,0.72842985,0.0,0.0,0.0,0.0,0.0,0.0,0.0,0.0,0.0,0.0,0.6633119,0.0,0.0,0.0,0.5788586,0.0,0.8482864,0
168,0.0,0.0,0.2948789,0.0,0.0,0.46399885,0.27842394,0.0,0.20739834,0.0,0.38699365,0.0,0.0,0.0,0.3141661,0.02297983,0.0,0.0,0.0,0.0,0.0,0.0,0.0,0.0,0.0,0.3012878,0.0,0.0033343285,0.0,0.3299157,0.0,0.46727037,0
169,0.0,0.0,0.0,0.0,0.0,0.04872016,0.30857646,0.0,2.7570465,0.0,0.61124563,0.0,0.0,0.0,1.1781763,0.0,0.0,2.2956483,0.0,0.0,0.0,0.0,0.0,0.0,0.0,3.1929057,0.0,0.0,0.0,0.9911765,0.0,1.3757317,0
170,0.0,0.0,0.3055753,0.0,0.0,0.46836668,0.29480654,0.0,0.24016364,0.0,0.43692905,0.0,0.0,0.0,0.35827357,0.037734896,0.0,0.0,0.0,0.0,0.0,0.0,0.0,0.0,0.0,0.3416727,0.0,0.0,0.0,0.353563,0.0,0.48976466,0
171,0.0,0.0,0.0,0.0,0.0,0.04727354,0.3164392,0.0,2.707442,0.0,0.6373693,0.0,0.0,0.0,1.1668612,0.0,0.0,2.2299628,0.0,0.0,0.0,0.0,0.0040267054,0.0,0.0,3.1188397,0.0,0.0,0.0,0.98006046,0.0,1.370556,0
172,0.0,0.0,0.0,0.34551603,0.137346,0.0,0.0,0.0,0.0,0.13504148,0.0,0.0,0.23743479,0.0,0.0,0.0,0.0,0.0,0.0,0.0,0.0,0.016525067,0.0,0.08466905,0.0,0.035092942,0.0,0.12328603,0.26690486,0.0,0.0,0.0,0
173,0.0,0.0,0.4244123,0.0,0.0,0.6445316,0.5448897,0.0,0.4636266,0.0,0.8113734,0.0,0.0,0.0,0.7178501,0.0,0.0,0.0,0.0,0.0,0.0,0.0,0.0,0.0,0.0,0.6011859,0.0,0.0,0.0,0.6056211,0.0,0.8206586,0
174,0.0,0.0,0.21190466,0.00025507808,0.0,0.29481593,0.17705682,0.0,0.19333851,0.0,0.27560037,0.0,0.0,0.0,0.17143774,0.018119618,0.02555713,0.0,0.0,0.0,0.0,0.0,0.0,0.0,0.0,0.18937059,0.0,0.0081354175,0.0,0.24257423,0.0,0.32387078,0
175,0.0,0.0,0.43878835,0.0,0.0,0.64731777,0.5232409,0.0,0.40507042,0.0,0.7735739,0.0,0.0,0.0,0.679792,0.017050505,0.0,0.0,0.0,0.0,0.0,0.0,0.0,0.0,0.0,0.5418505,0.0,0.0,0.0,0.5922508,0.0,0.7583659,0
176,0.0,0.0,0.4427284,0.0,0.0,0.6689012,0.53549016,0.0,0.43691057,0.0,0.79809994,0.0,0.0,0.0,0.7082101,0.004496217,0.0,0.0,0.0,0.0,0.0,0.0,0.0,0.0,0.0,0.58496445,0.0,0.0,0.0,0.5957173,0.0,0.8050466,0
177,0.0,0.0,0.0,0.0,0.0,0.052192662,0.3167611,0.0,2.675082,0.0,0.628547,0.0,0.0,0.0,1.1450526,0.0,0.0,2.1975133,0.0,0.0,0.0,0.0,0.0,0.0,0.0,3.0753639,0.0,0.0,0.0,0.9703715,0.0,1.351602,0
178,0.0,0.0,0.38842624,0.0,0.0,0.58921117,0.52878547,0.0,0.47651482,0.0,0.77997583,0.0,0.0,0.0,0.69747597,0.0,0.0,0.0,0.0,0.0,0.0,0.0,0.0,0.0,0.0,0.608527,0.0,0.0,0.0,0.5676726,0.0,0.8031803,0
179,0.0,0.0,0.0,0.0,0.27374417,0.0,0.0,0.0,0.0,0.5244046,0.0,0.0,0.0,0.0,0.0,0.0,1.3362961,0.0,2.1581478,3.0626817,0.0,1.7573048,0.0,0.0,0.0,0.0,0.0,0.0,0.0,0.0,0.0,0.0,0
180,0.0,0.0,0.42474774,0.0,0.0,0.64575285,0.5216453,0.0,0.44403973,0.0,0.790588,0.0,0.0,0.0,0.6935143,0.0034181848,0.0,0.0,0.0,0.0,0.0,0.0,0.0,0.0,0.0,0.57166284,0.0,0.0,0.0,0.58826673,0.0,0.79360026,0
181,0.0,0.0,0.2823102,0.0,0.0,0.4380037,0.27107972,0.0,0.19939649,0.0,0.3685159,0.0,0.0,0.0,0.30711383,0.034856208,0.0,0.0,0.0,0.0,0.0,0.0,0.0,0.0,0.0,0.30372754,0.0,0.0,0.0,0.30981955,0.0,0.44399157,0
182,0.0,0.0,0.19689545,0.01848191,0.0,0.25470427,0.15522501,0.0,0.18455395,0.0,0.2368233,0.0,0.0,0.0,0.15140985,0.02138935,0.022103988,0.0,0.0,0.0,0.0,0.0,0.0,0.0,0.0,0.17004389,0.0,0.012513893,0.0,0.22831395,0.0,0.28453046,0
183,0.0,0.0,0.41581833,0.0,0.0,0.61832625,0.50751936,0.0,0.42854536,0.0,0.7670732,0.0,0.0,0.0,0.66751885,0.010238104,0.0,0.0,0.0,0.0,0.0,0.0,0.0,0.0,0.0,0.54447645,0.0,0.0,0.0,0.5787381,0.0,0.76515,0
184,0.0,0.0,0.42329758,0.0,0.0,0.6325105,0.56405795,0.0,0.4885378,0.0,0.8289651,0.0,0.0,0.0,0.71325135,0.0,0.0,0.0,0.0,0.0,0.0,0.0,0.0,0.0,0.0,0.6070365,0.0,0.0,0.0,0.64611125,0.0,0.83767515,0
185,0.0,0.0,0.0,0.0,0.017954621,0.0,0.0,0.0,0.0,0.13233648,0.0,0.0,0.0,0.0,0.0,0.0,0.18661772,0.0,0.4327771,0.7350472,0.0,0.433784,0.0,0.0,0.0,0.0,0.0,0.0,0.0,0.0,0.0,0.0,0
186,0.0,0.0,0.38834,0.0,0.0,0.6073344,0.41002643,0.0,0.31076974,0.0,0.6134689,0.0,0.0,0.0,0.5312502,0.027627926,0.0,0.0,0.0,0.0,0.0,0.0,0.0,0.0,0.0,0.447021,0.0,0.0,0.0,0.4941927,0.0,0.641282,0
187,0.0,0.0,0.20991431,0.0,0.0,0.28873196,0.17230429,0.0,0.18260601,0.0,0.2630011,0.0,0.0,0.0,0.17784241,0.026973058,0.008660689,0.0,0.0,0.0,0.0,0.0,0.0,0.0,0.0,0.19234964,0.0,0.0054680984,0.0,0.23353519,0.0,0.3178145,0
188,0.0,0.0,0.0,0.0,0.0,0.053771358,0.31820297,0.0,2.6857538,0.0,0.63075435,0.0,0.0,0.0,1.1521947,0.0,0.0,2.2053125,0.0,0.0,0.0,0.0,0.00074153394,0.0,0.0,3.0889752,0.0,0.0,0.0,0.9726461,0.0,1.3588833,0
189,0.0,0.0,0.42920485,0.0,0.0,0.6345417,0.54733706,0.0,0.4522031,0.0,0.810998,0.0,0.0,0.0,0.71467453,0.0,0.0,0.0,0.0,0.0,0.0,0.0,0.0,0.0,0.0,0.5782541,0.0,0.0,0.0,0.60896885,0.0,0.8014784,0
190,0.0,0.0,0.37274027,0.0,0.0,0.5705377,0.41241884,0.0,0.3605628,0.0,0.6383833,0.0,0.0,0.0,0.55903363,0.017958224,0.0,0.0,0.0,0.0,0.0,0.0,0.0,0.0,0.0,0.47304264,0.0,0.0,0.0,0.49540293,0.0,0.66617286,0
191,0.0,0.0,0.4310249,0.0,0.0,0.64589417,0.541538,0.0,0.46301216,0.0,0.8153053,0.0,0.0,0.0,0.7167767,0.0,0.0,0.0,0.0,0.0,0.0,0.0,0.0,0.0,0.0,0.58091635,0.0,0.0,0.0,0.6125591,0.0,0.81505686,0
192,0.0,0.0,0.0,0.0,0.020387731,0.0,0.0,0.0,0.0,0.1374386,0.0,0.0,0.0,0.0,0.0,0.0,0.10666083,0.0,0.32154888,0.5867633,0.0,0.35673267,0.0,0.0,0.0,0.0,0.0,0.0,0.0,0.0,0.0,0.0,0
193,0.0,0.0,0.0,0.0,0.020346845,0.0,0.0,0.0,0.0,0.15599181,0.0,0.0,0.0,0.0,0.0,0.0,0.09453513,0.0,0.34801188,0.6204668,0.0,0.391617,0.0,0.0,0.0,0.0,0.0,0.0,0.0,0.0,0.0,0.0,0
194,0.0,0.0,0.44348556,0.0,0.0,0.7009204,0.55868435,0.0,0.41013083,0.0,0.7947715,0.0,0.0,0.0,0.7398739,0.0,0.0,0.0,0.0,0.0,0.0,0.0,0.0,0.0,0.0,0.5827979,0.0,0.0,0.0,0.61072683,0.0,0.81152695,0
195,0.0,0.0,0.25822648,0.0,0.0,0.41185585,0.2587015,0.0,0.19315386,0.0,0.33352494,0.0,0.0,0.0,0.2705238,0.025460914,0.0,0.0,0.0,0.0,0.0,0.0,0.0,0.0,0.0,0.27458912,0.0,0.0,0.0,0.2791236,0.0,0.42700794,0
196,0.0,0.0,0.5392865,0.0,0.0,0.8370838,0.71551096,0.0,0.55704355,0.0,1.045596,0.0,0.0,0.0,0.93006545,0.0,0.0,0.0,0.0,0.0,0.0,0.0,0.0,0.0,0.0,0.74515045,0.0,0.0,0.0,0.7749121,0.0,1.039334,0
197,0.0,0.0,0.50362444,0.0,0.0,0.7709006,0.7113631,0.0,0.5717232,0.0,1.0226662,0.0,0.0,0.0,0.9178966,0.0,0.0,0.0,0.0,0.0,0.0,0.0,0.0,0.0,0.0,0.7440419,0.0,0.0,0.0,0.74601555,0.0,1.014558,0
198,0.0,0.0,0.37880385,0.0,0.0,0.5814372,0.4234186,0.0,0.36663726,0.0,0.64967793,0.0,0.0,0.0,0.5731592,0.014359817,0.0,0.0,0.0,0.0,0.0,0.0,0.0,0.0,0.0,0.4778086,0.0,0.0,0.0,0.5054302,0.0,0.6733099,0
199,0.0,0.0,0.3756681,0.0,0.0,0.5767871,0.41362992,0.0,0.32999393,0.0,0.61574656,0.0,0.0,0.0,0.5447671,0.028954476,0.0,0.0,0.0,0.0,0.0,0.0,0.0,0.0,0.0,0.46085402,0.0,0.0,0.0,0.48211807,0.0,0.6400542,0
200,0.0,0.0,0.40745446,0.0,0.0,0.61877507,0.58374035,0.0,0.59517765,0.0,0.8919068,0.0,0.0,0.0,0.79328215,0.0,0.0,0.0,0.0,0.0,0.0,0.0,0.0,0.0,0.0,0.69262165,0.0,0.0,0.0,0.65155125,0.0,0.91832584,0
201,0.0,0.0,0.36154857,0.0,0.0,0.5598055,0.52624834,0.0,0.5536335,0.0,0.79742956,0.0,0.0,0.0,0.7206232,0.0,0.0,0.0,0.0,0.0,0.0,0.0,0.0,0.0,0.0,0.663871,0.0,0.0,0.0,0.5713345,0.0,0.84856755,0
202,0.0,0.0,0.2864802,0.0,0.0,0.45149824,0.27942875,0.0,0.19404525,0.0,0.3679273,0.0,0.0,0.0,0.30614334,0.03319881,0.0,0.0,0.0,0.0,0.0,0.0,0.0,0.0,0.0,0.29598624,0.0,0.0,0.0,0.31179702,0.0,0.44752017,0
203,0.0,0.0,0.46052283,0.0,0.0,0.74638385,0.5951369,0.0,0.43285936,0.0,0.8369513,0.0,0.0,0.0,0.80128324,0.0,0.0,0.0,0.0,0.0,0.0,0.0,0.0,0.0,0.0,0.6222926,0.0,0.0,0.0,0.6367147,0.0,0.8667414,0
204,0.0,0.0,0.0,0.0,0.0,0.052119,0.3212399,0.0,2.7122567,0.0,0.63703895,0.0,0.0,0.0,1.1642292,0.0,0.0,2.2257292,0.0,0.0,0.0,0.0,0.0,0.0,0.0,3.1158144,0.0,0.0,0.0,0.9853363,0.0,1.3731824,0
205,0.0,0.0,0.29751205,0.0,0.0,0.46584442,0.28348237,0.0,0.20060289,0.0,0.3831333,0.0,0.0,0.0,0.31029284,0.0302581,0.0,0.0,0.0,0.0,0.0,0.0,0.0,0.0,0.0,0.29531306,0.0,0.0022996701,0.0,0.32590416,0.0,0.4596009,0
206,0.0,0.0,0.0,0.0,0.0,0.10422374,0.35167623,0.0,2.5474305,0.0,0.69219494,0.0,0.0,0.0,1.140415,0.0,0.0,1.98373,0.0,0.0,0.0,0.0,0.040272716,0.0,0.0,2.9019668,0.0,0.0,0.0,0.9081472,0.0,1.3768557,0
207,0.0,0.0,0.19608656,0.009286076,0.0,0.2554926,0.1595621,0.0,0.18151736,0.0,0.23902607,0.0,0.0,0.0,0.15469755,0.026947841,0.014817268,0.0,0.0,0.0,0.0,0.0,0.0,0.0,0.0,0.17981575,0.0,0.005136937,0.0,0.22166678,0.0,0.28955787,0
208,0.0,0.0,0.29729426,0.0,0.0,0.47783217,0.3016242,0.0,0.20541027,0.0,0.38643754,0.0,0.0,0.0,0.3353433,0.021644667,0.0,0.0,0.0,0.0,0.0,0.0,0.0,0.0,0.0,0.3328666,0.0,0.006146921,0.0,0.31815368,0.0,0.4863106,0
209,0.0,0.0,0.0,0.0,0.0,0.048164967,0.3075341,0.0,2.7211459,0.0,0.6074555,0.0,0.0,0.0,1.1581733,0.0,0.0,2.2616036,0.0,0.0,0.0,0.0,0.0,0.0,0.0,3.1466715,0.0,0.0,0.0,0.9837675,0.0,1.3568577,0
210,0.0,0.0,0.2559767,0.0,0.0,0.4016302,0.26021028,0.0,0.19825858,0.0,0.33977014,0.0,0.0,0.0,0.2976957,0.03887234,0.0,0.0,0.0,0.0,0.0,0.0,0.0,0.0,0.0,0.30114076,0.0,0.0,0.0,0.25127247,0.0,0.43357095,0
211,0.0,0.0,0.46682525,0.0,0.0,0.7496557,0.57434213,0.0,0.39162612,0.0,0.8006954,0.0,0.0,0.0,0.7589791,0.0,0.0,0.0,0.0,0.0,0.0,0.0,0.0,0.0,0.0,0.5908187,0.0,0.0,0.0,0.62283146,0.0,0.8220439,0
212,0.0,0.0,0.2044394,0.0024948046,0.0,0.2626851,0.15400806,0.0,0.18727669,0.0,0.25010937,0.0,0.0,0.0,0.15951425,0.027134545,0.022301137,0.0,0.0,0.0,0.0,0.0,0.0,0.0,0.0,0.16768208,0.0,0.00874185,0.0,0.23159997,0.0,0.29859355,0
213,0.0,0.0,0.0,0.32402223,0.12651888,0.0,0.0,0.0,0.0,0.13388148,0.0,0.0,0.22202902,0.0,0.0,0.0,0.0,0.0,0.0,0.0,0.0,0.019752258,0.0,0.07170667,0.0,0.035112053,0.0,0.11034153,0.24959031,0.0,0.0,0.0,0
214,0.0,0.0,0.0,0.0,0.0,0.10969621,0.36102185,0.0,2.7560036,0.0,0.73938614,0.0,0.0,0.0,1.197374,0.0,0.0,2.1649165,0.0,0.0,0.0,0.0,0.014534455,0.0,0.0,3.1258905,0.0,0.0,0.0,1.0129107,0.0,1.4666696,0
215,0.0,0.0,0.22078893,0.0,0.0,0.31572264,0.20261438,0.0,0.17415093,0.0,0.2803697,0.0,0.0,0.0,0.22519125,0.052345242,0.0,0.0,0.0,0.0,0.0,0.0,0.0,0.0,0.0,0.23569423,0.0,0.0,0.0,0.23799123,0.0,0.3449408,0
216,0.0,0.0,0.3757626,0.0,0.0,0.57607585,0.41417325,0.0,0.3513342,0.0,0.63464165,0.0,0.0,0.0,0.56148076,0.015494905,0.0,0.0,0.0,0.0,0.0,0.0,0.0,0.0,0.0,0.46514335,0.0,0.0,0.0,0.4992378,0.0,0.6549026,0
217,0.0,0.0,0.0,0.0,0.29138538,0.0,0.0,0.0,0.0,0.5374332,0.0,0.0,0.0,0.0,0.0,0.0,1.4231213,0.0,2.3193333,3.2676368,0.0,1.8607631,0.0,0.0,0.0,0.0,0.0,0.0,0.0,0.0,0.0,0.0,0
218,0.0,0.0,0.24305661,0.0,0.0,0.35353646,0.21428378,0.0,0.18054351,0.0,0.29565609,0.0,0.0,0.0,0.209431,0.023338173,0.0072131976,0.0,0.0,0.0,0.0,0.0,0.0,0.0,0.0,0.22875887,0.0,0.016394934,0.0,0.26135498,0.0,0.3632876,0
219,0.0,0.0,0.0,0.0,0.0,0.048613187,0.31175244,0.0,2.7618816,0.0,0.6183762,0.0,0.0,0.0,1.1850603,0.0,0.0,2.2966416,0.0,0.0,0.0,0.0,0.0,0.0,0.0,3.1958,0.0,0.0,0.0,0.99160016,0.0,1.3819243,0
220,0.0,0.0,0.19941667,0.013749301,0.0,0.25361556,0.15265802,0.0,0.19048458,0.0,0.2375304,0.0,0.0,0.0,0.15381578,0.018454038,0.026723176,0.0,0.0,0.0,0.0,0.0,0.0,0.0,0.0,0.16777655,0.0,0.012587396,0.0,0.22913055,0.0,0.28917533,0
221,0.0,0.0,0.0,0.0,0.019551583,0.0,0.0,0.0,0.0,0.1604822,0.0,0.0,0.0,0.0,0.0,0.0,0.18839897,0.0,0.46673143,0.7756141,0.0,0.46479237,0.0,0.0,0.0,0.0,0.0,0.0,0.0,0.0,0.0,0.0,0
222,0.0,0.0,0.0,0.0,0.2930873,0.0,0.0,0.0,0.0,0.5405403,0.0,0.0,0.0,0.0,0.0,0.0,1.4249866,0.0,2.3205795,3.2755792,0.0,1.8594072,0.0,0.0,0.0,0.0,0.0,0.0,0.0,0.0,0.0,0.0,0
223,0.0,0.0,0.0,0.34563318,0.13545641,0.0,0.0,0.0,0.0,0.13780284,0.0,0.0,0.2389708,0.0,0.0,0.0,0.0,0.0,0.0,0.0,0.0,0.020455299,0.0,0.08236466,0.0,0.033524714,0.0,0.11922554,0.2665446,0.0,0.0,0.0,0
224,0.0,0.0,0.22402795,0.0,0.0,0.32504737,0.20817536,0.0,0.17462927,0.0,0.28560013,0.0,0.0,0.0,0.230113,0.048482373,0.0,0.0,0.0,0.0,0.0,0.0,0.0,0.0,0.0,0.23929769,0.0,0.0,0.0,0.2415847,0.0,0.35341248,0
225,0.0,0.0,0.25592062,0.0,0.0,0.3800013,0.23129043,0.0,0.18829891,0.0,0.32272816,0.0,0.0,0.0,0.25680995,0.040272426,0.0,0.0,0.0,0.0,0.0,0.0,0.0,0.0,0.0,0.25777185,0.0,0.0027941242,0.0,0.2794426,0.0,0.38805005,0
226,0.0,0.0,0.0,0.0,0.0,0.048450645,0.31124988,0.0,2.7584984,0.0,0.6176621,0.0,0.0,0.0,1.1830695,0.0,0.0,2.293688,0.0,0.0,0.0,0.0,0.0,0.0,0.0,3.191735,0.0,0.0,0.0,0.9906895,0.0,1.380022,0
227,0.0,0.0,0.2284961,0.0,0.0,0.3310186,0.21097712,0.0,0.18054308,0.0,0.29368913,0.0,0.0,0.0,0.23423769,0.04723898,0.0,0.0,0.0,0.0,0.0,0.0,0.0,0.0,0.0,0.24155569,0.0,0.0,0.0,0.2474283,0.0,0.36301672,0
228,0.0,0.0,0.43014547,0.0,0.0,0.66273475,0.5678712,0.0,0.46530977,0.0,0.8216605,0.0,0.0,0.0,0.7363687,0.0,0.0,0.0,0.0,0.0,0.0,0.0,0.0,0.0,0.0,0.6078915,0.0,0.0,0.0,0.621557,0.0,0.8307595,0
229,0.0,0.0,0.0,0.292534,0.10781911,0.0,0.0,0.0,0.0,0.11895613,0.0,0.0,0.20060736,0.0,0.0,0.0,0.0,0.0,0.0,0.0,0.0,0.024924159,0.0,0.05066425,0.0,0.05614261,0.0,0.08501801,0.21516572,0.0093555,0.0,0.0,0
230,0.0,0.0,0.52055895,0.0,0.0,0.8194338,0.746251,0.0,0.62614423,0.0,1.0863875,0.0,0.0,0.0,0.98458374,0.0,0.0,0.0,0.0,0.0,0.0,0.0,0.0,0.0,0.0,0.80136436,0.0,0.0,0.0,0.78490543,0.0,1.095652,0
231,0.0,0.0,0.3795978,0.0,0.0,0.59355724,0.40883282,0.0,0.31211305,0.0,0.6060444,0.0,0.0,0.0,0.5315326,0.026578233,0.0,0.0,0.0,0.0,0.0,0.0,0.0,0.0,0.0,0.44711673,0.0,0.0,0.0,0.48775208,0.0,0.6339914,0
232,0.0,0.0,0.3079046,0.0,0.0,0.46165353,0.30333316,0.0,0.2966321,0.0,0.4890554,0.0,0.0,0.0,0.4047469,0.03969709,0.0,0.0,0.0,0.0,0.0,0.0,0.0,0.0,0.0,0.38426915,0.0,0.0,0.0,0.38317698,0.0,0.52737534,0
233,0.0,0.0,0.30560333,0.0,0.0,0.46985546,0.29888478,0.0,0.24901377,0.0,0.44491088,0.0,0.0,0.0,0.37054545,0.038610183,0.0,0.0,0.0,0.0,0.0,0.0,0.0,0.0,0.0,0.35356033,0.0,0.0,0.0,0.35727242,0.0,0.49604088,0
234,0.0,0.0,0.0,0.0,0.26238126,0.0,0.0,0.0,0.0,0.5419381,0.0,0.0,0.0,0.0,0.0,0.0,1.3394867,0.0,2.1869469,3.0809777,0.0,1.7752974,0.0,0.0,0.0,0.0,0.0,0.0,0.0,0.0,0.0,0.0,0
235,0.0,0.0,0.0,0.0,0.0,0.039631017,0.3074013,0.0,2.717976,0.0,0.614152,0.0,0.0,0.0,1.1601373,0.0,0.0,2.2572725,0.0,0.0,0.0,0.0,0.0,0.0,0.0,3.139003,0.0,0.0,0.0,0.98858416,0.0,1.3545837,0
236,0.0,0.0,0.31604654,0.0,0.0,0.47307765,0.30185768,0.0,0.3018384,0.0,0.49771821,0.0,0.0,0.0,0.40383142,0.036738046,0.0,0.0,0.0,0.0,0.0,0.0,0.0,0.0,0.0,0.38288438,0.0,0.0,0.0,0.38454908,0.0,0.5431603,0
237,0.0,0.0,0.36603683,0.0,0.0,0.5626985,0.52142155,0.0,0.53086805,0.0,0.78730345,0.0,0.0,0.0,0.7103928,0.0,0.0,0.0,0.0,0.0,0.0,0.0,0.0,0.0,0.0,0.6444301,0.0,0.0,0.0,0.5714849,0.0,0.8296026,0
238,0.0,0.0,0.26069978,0.0,0.0,0.41466388,0.2596019,0.0,0.21177827,0.0,0.35338742,0.0,0.0,0.0,0.30872357,0.029507745,0.0,0.0,0.0,0.0,0.0,0.0,0.0,0.0,0.0,0.30958208,0.0,0.0,0.0,0.26187932,0.0,0.45604485,0
239,0.0,0.0,0.0,0.0,0.0,0.12425377,0.35981503,0.0,2.536614,0.0,0.7177202,0.0,0.0,0.0,1.1495931,0.0,0.0,1.9481004,0.0,0.0,0.0,0.0,0.03745685,0.0,0.0,2.875814,0.0,0.0,0.0,0.9154496,0.0,1.3921231,0
240,0.0,0.0,0.36563915,0.0,0.0,0.5635515,0.38049164,0.0,0.30036986,0.0,0.572577,0.0,0.0,0.0,0.48879838,0.036404483,0.0,0.0,0.0,0.0,0.0,0.0,0.0,0.0,0.0,0.43534848,0.0,0.0,0.0,0.4470781,0.0,0.61278105,0
241,0.0,0.0,0.42499423,0.0,0.0,0.62779325,0.57708466,0.0,0.52606976,0.0,0.86510867,0.0,0.0,0.0,0.7610986,0.0,0.0,0.0,0.0,0.0,0.0,0.0,0.0,0.0,0.0,0.6419004,0.0,0.0,0.0,0.63779545,0.0,0.87107956,0
242,0.0,0.0,0.40612164,0.0,0.0,0.6060501,0.56744003,0.0,0.5563946,0.0,0.8601868,0.0,0.0,0.0,0.75925225,0.0,0.0,0.0,0.0,0.0,0.0,0.0,0.0,0.0,0.0,0.6570116,0.0,0.0,0.0,0.63533294,0.0,0.87881786,0
243,0.0,0.0,0.25822648,0.0,0.0,0.41185585,0.2587015,0.0,0.19315386,0.0,0.33352494,0.0,0.0,0.0,0.2705238,0.025460914,0.0,0.0,0.0,0.0,0.0,0.0,0.0,0.0,0.0,0.27458912,0.0,0.0,0.0,0.2791236,0.0,0.42700794,0
244,0.0,0.0,0.0,0.31371513,0.12181725,0.0,0.0,0.0,0.0,0.13027121,0.0,0.0,0.21460596,0.0,0.0,0.0,0.0,0.0,0.0,0.0,0.0,0.019185046,0.0,0.06608005,0.0,0.038672898,0.0,0.10451198,0.2411691,0.0,0.0,0.0,0
245,0.0,0.0,0.41945758,0.0,0.0,0.6422117,0.602767,0.0,0.7057147,0.0,0.9651455,0.0,0.0,0.0,0.83124274,0.0,0.0,0.0,0.0,0.0,0.0,0.0,0.0,0.0,0.0,0.7860765,0.0,0.0,0.0,0.7197294,0.0,1.0064805,0
246,0.0,0.0,0.39759693,0.0,0.0,0.59899616,0.56600285,0.0,0.5669446,0.0,0.85513324,0.0,0.0,0.0,0.75715345,0.0,0.0,0.0,0.0,0.0,0.0,0.0,0.0,0.0,0.0,0.6676238,0.0,0.0,0.0,0.6309699,0.0,0.88317144,0
247,0.0,0.0,0.45378444,0.0,0.0,0.7366797,0.5449805,0.0,0.41809875,0.0,0.79385906,0.0,0.0,0.0,0.7408764,0.0,0.0,0.0,0.0,0.0,0.0,0.0,0.0,0.0,0.0,0.5853476,0.0,0.0,0.0,0.61165154,0.0,0.83245105,0
248,0.0,0.0,0.42209974,0.0,0.0,0.6579239,0.48262286,0.0,0.38242337,0.0,0.7086836,0.0,0.0,0.0,0.6337766,0.017400265,0.0,0.0,0.0,0.0,0.0,0.0,0.0,0.0,0.0,0.5409827,0.0,0.0,0.0,0.5447664,0.0,0.73583525,0
249,0.0,0.0,0.2610711,0.0,0.0,0.39400136,0.25214815,0.0,0.18026164,0.0,0.3268938,0.0,0.0,0.0,0.2749943,0.04449726,0.0,0.0,0.0,0.0,0.0,0.0,0.0,0.0,0.0,0.29146197,0.0,0.0,0.0,0.27440798,0.0,0.40596408,0
250,0.0,0.0,0.40650064,0.0,0.0,0.6058605,0.56649435,0.0,0.5548452,0.0,0.8591039,0.0,0.0,0.0,0.7575546,0.0,0.0,0.0,0.0,0.0,0.0,0.0,0.0,0.0,0.0,0.6556098,0.0,0.0,0.0,0.6347567,0.0,0.8772702,0
251,0.0,0.0,0.3656163,0.0,0.0,0.55492187,0.40614635,0.0,0.35020092,0.0,0.6245423,0.0,0.0,0.0,0.54881525,0.02081348,0.0,0.0,0.0,0.0,0.0,0.0,0.0,0.0,0.0,0.46024996,0.0,0.0,0.0,0.48759696,0.0,0.6435727,0
252,0.0,0.0,0.3490452,0.0,0.0,0.5535233,0.35132578,0.0,0.3031218,0.0,0.5515174,0.0,0.0,0.0,0.46483558,0.024008311,0.0,0.0,0.0,0.0,0.0,0.0,0.0,0.0,0.0,0.40400064,0.0,0.0,0.0,0.45121893,0.0,0.5978996,0
253,0.0,0.0,0.3739117,0.0,0.0,0.5873936,0.55688417,0.0,0.5435702,0.0,0.8148519,0.0,0.0,0.0,0.7442388,0.0,0.0,0.0,0.0,0.0,0.0,0.0,0.0,0.0,0.0,0.6715262,0.0,0.0,0.0,0.5876895,0.0,0.8673881,0
254,0.0,0.0,0.0,0.4210878,0.17224713,0.0,0.0,0.0,0.0,0.1656142,0.0,0.0,0.28696787,0.0,0.0,0.0,0.0,0.0,0.0,0.0,0.0,0.01868112,0.0,0.13406844,0.0,0.00561022,0.025334321,0.17150651,0.3300975,0.0,0.0,0.0,0
255,0.0,0.0,0.2005899,0.014916606,0.0,0.25994065,0.15880388,0.0,0.18444413,0.0,0.23827024,0.0,0.0,0.0,0.15378219,0.017321855,0.02875121,0.0,0.0,0.0,0.0,0.0,0.0,0.0,0.0,0.17205915,0.0,0.00969127,0.0,0.23039193,0.0,0.290977,0
256,0.0,0.0,0.1942082,0.012531608,0.0,0.24916756,0.153705,0.0,0.18199044,0.0,0.23444329,0.0,0.0,0.0,0.14985856,0.025119144,0.018647745,0.0,0.0,0.0,0.0,0.0,0.0,0.0,0.0,0.17217234,0.0,0.006425226,0.0,0.22158074,0.0,0.28314525,0
257,0.0,0.0,0.41147995,0.0,0.0,0.65992796,0.66791666,0.0,0.6524825,0.0,0.95881593,0.0,0.0,0.0,0.8731969,0.0,0.0,0.0,0.0,0.0,0.0,0.0,0.0,0.0,0.0,0.7818868,0.0,0.0,0.0,0.7003765,0.0,1.0122002,0
258,0.0,0.0,0.25013202,0.0,0.0,0.3881267,0.25145853,0.0,0.20413539,0.0,0.3374784,0.0,0.0,0.0,0.30142438,0.04271239,0.0,0.0,0.0,0.0,0.0,0.0,0.0,0.0,0.0,0.30924943,0.0,0.0,0.0,0.24341731,0.0,0.43205237,0
259,0.0,0.0,0.0,0.0,0.0,0.04434599,0.31183356,0.0,2.7041254,0.0,0.6141897,0.0,0.0,0.0,1.1434295,0.0,0.0,2.240609,0.0,0.0,0.0,0.0,0.0,0.0,0.0,3.1225586,0.0,0.0,0.0,0.9881935,0.0,1.3409988,0
260,0.0,0.0,0.0,0.0,0.0,0.10085069,0.35040575,0.0,2.5482655,0.0,0.6871574,0.0,0.0,0.0,1.1385584,0.0,0.0,1.9886802,0.0,0.0,0.0,0.0,0.040094804,0.0,0.0,2.9051514,0.0,0.0,0.0,0.90812635,0.0,1.3724239,0
261,0.0,0.0,0.4594973,0.0,0.0,0.7415905,0.564744,0.0,0.41105834,0.0,0.8072774,0.0,0.0,0.0,0.7645444,0.0,0.0,0.0,0.0,0.0,0.0,0.0,0.0,0.0,0.0,0.5923373,0.0,0.0,0.0,0.6243446,0.0,0.8347176,0
262,0.0,0.0,0.29949632,0.0,0.0,0.4547569,0.28851578,0.0,0.2449807,0.0,0.43307948,0.0,0.0,0.0,0.3557135,0.039006032,0.0,0.0,0.0,0.0,0.0,0.0,0.0,0.0,0.0,0.34077403,0.0,0.0,0.0,0.35180017,0.0,0.48120695,0
263,0.0,0.0,0.40151912,0.0,0.0,0.60798436,0.5808164,0.0,0.57927215,0.0,0.87630427,0.0,0.0,0.0,0.7824192,0.0,0.0,0.0,0.0,0.0,0.0,0.0,0.0,0.0,0.0,0.6816938,0.0,0.0,0.0,0.6417241,0.0,0.90059865,0
264,0.0,0.0,0.4155233,0.0,0.0,0.6095207,0.5081265,0.0,0.4234402,0.0,0.7651871,0.0,0.0,0.0,0.6655752,0.010339312,0.0,0.0,0.0,0.0,0.0,0.0,0.0,0.0,0.0,0.54105526,0.0,0.0,0.0,0.58315516,0.0,0.7567975,0
265,0.0,0.0,0.2484252,0.0,0.0,0.38044772,0.23650101,0.0,0.1884357,0.0,0.31612492,0.0,0.0,0.0,0.24880429,0.033168126,0.0,0.0,0.0,0.0,0.0,0.0,0.0,0.0,0.0,0.2506873,0.0,0.00043685362,0.0,0.27132118,0.0,0.39561573,0
266,0.0,0.0,0.48861206,0.0,0.0,0.7776483,0.74538004,0.0,0.67313987,0.0,1.0810219,0.0,0.0,0.0,0.98486966,0.0,0.0,0.0,0.0,0.0,0.0,0.0,0.0,0.0,0.0,0.8399931,0.0,0.0,0.0,0.77773964,0.0,1.1133498,0
267,0.0,0.0,0.3815905,0.0,0.0,0.5934462,0.55545306,0.0,0.5321993,0.0,0.8166612,0.0,0.0,0.0,0.74238944,0.0,0.0,0.0,0.0,0.0,0.0,0.0,0.0,0.0,0.0,0.6587991,0.0,0.0,0.0,0.58927834,0.0,0.86236835,0
268,0.0,0.0,0.0,0.3353462,0.13236421,0.0,0.0,0.0,0.0,0.1347086,0.0,0.0,0.22966872,0.0,0.0,0.0,0.0,0.0,0.0,0.0,0.0,0.017637534,0.0,0.07924375,0.0,0.035015166,0.0,0.11807842,0.25890633,0.0,0.0,0.0,0
269,0.0,0.0,0.38349026,0.0,0.0,0.5881161,0.5261912,0.0,0.49931693,0.0,0.78776944,0.0,0.0,0.0,0.70361304,0.0,0.0,0.0,0.0,0.0,0.0,0.0,0.0,0.0,0.0,0.62107617,0.0,0.0,0.0,0.55906695,0.0,0.82460856,0
