0,1,2,3,4,5,6,7,8,9,10,11,12,13,14,15,16,17,18,19,20,21,22,23,24,25,26,27,28,29,30,31
0.0,0.0,0.26497003,0.0,0.0,0.0,0.0,0.0,0.0,0.0,0.0,0.005271958,0.0,0.36164194,0.0,0.0,0.0,0.1648912,0.0,0.0,0.0,0.6332336,0.0,0.0,0.0,0.0,0.0,0.0,0.0,0.0,0.0,0.0
0.53156555,0.0,0.0,0.60520566,0.0,0.22238185,0.0,0.0,0.0,0.55426514,0.0,0.0,0.0,0.0,0.3831813,0.0,0.0,0.0,0.0,0.0,0.21112213,0.0,0.0,0.0,0.0,0.0,0.0,0.1851603,0.49055076,0.35398242,0.0,0.0
0.0,0.0,0.27297047,0.0,0.0,0.0,0.0,0.0,0.0,0.0,0.0,0.0044267215,0.0,0.37335044,0.0,0.0,0.0,0.17054959,0.0,0.0,0.0,0.65585077,0.0,0.0,0.0,0.0,0.0,0.0,0.0,0.0,0.0,0.0
0.0,0.0,0.74725175,0.0,0.0,0.0,0.0,0.9641934,1.5347152,0.0,0.0,1.2697344,0.0,2.0403948,0.0,0.0,0.0,0.0,0.0,0.0,0.0,0.8546628,0.93878543,0.0,0.0,0.93515056,0.0,0.0,0.0,0.0,0.0,0.0
0.0,0.0,0.38364252,0.0,0.0,0.0,0.0,0.48417258,0.5141298,0.0,0.0,0.6331856,0.0,1.0736114,0.0,0.0,0.0,0.0,0.0,0.0,0.0,0.21174371,0.2986577,0.0,0.0,0.39931083,0.0,0.0,0.0,0.0,0.0,0.0
0.6041709,0.0,0.0,0.68324214,0.0,0.23146506,0.0,0.0,0.0,0.64054924,0.0,0.0,0.0,0.0,0.47040638,0.0,0.0,0.0,0.0,0.0,0.24649248,0.0,0.0,0.0,0.0,0.0,0.0,0.21012151,0.5312741,0.44893873,0.0,0.0
0.0,0.0,0.0,0.0,2.6178784,0.0,0.0,0.0,0.0,0.0,0.0,0.0,0.0,0.0,0.0,0.0,1.9266552,0.84814185,0.0,0.59389067,0.59914947,0.0,0.0,0.04669497,0.12815449,0.0,1.6762677,0.0,0.0,1.5145541,0.79380053,2.4245782
0.114192374,0.0,0.0,0.03433359,0.13543049,0.0,0.0,0.0,0.0,0.0,0.0,0.0,0.0,0.0,0.10437198,0.0,0.11646284,0.0,0.0,0.21369588,0.14018731,0.0,0.0,0.116328835,0.085593484,0.0,8.253753e-05,0.090774946,0.020776348,0.6085625,0.03822374,0.706104
0.11466749,0.0,0.0,0.034012564,0.13205731,0.0,0.0,0.0,0.0,0.0,0.0,0.0,0.0,0.0,0.10627794,0.0,0.11669224,0.0,0.0,0.21399528,0.14087734,0.0,0.0,0.117165655,0.08673418,0.0,0.0,0.08996384,0.020104984,0.6104594,0.036498953,0.70938325
0.0,0.0,0.7494268,0.0,0.0,0.0,0.0,0.9518607,1.5208132,0.0,0.0,1.278196,0.0,2.014642,0.0,0.0,0.0,0.0,0.0,0.0,0.0,0.8745088,0.9330166,0.0,0.0,0.932321,0.0,0.0,0.0,0.0,0.0,0.0
0.12169853,0.0,0.0,0.04827877,0.06832969,0.0,0.0,0.0,0.0,0.0,0.0,0.0,0.0,0.0,0.099465236,0.0,0.047648966,0.0,0.0,0.18581393,0.075489745,0.0,0.0,0.12725209,0.07457342,0.0,0.0,0.10008529,0.07350718,0.4771099,0.0,0.52626836
0.09938183,0.0,0.0,0.04353795,0.12348539,0.0,0.0,0.0,0.0,0.0,0.0,0.0,0.0,0.0,0.09771039,0.0,0.10225853,0.0006415546,0.0,0.19406272,0.11349204,0.0,0.0,0.12776925,0.06887695,0.0,0.0,0.08950637,0.029701233,0.54973763,0.006426893,0.6390472
0.0,0.0,0.3836853,0.0,0.0,0.0,0.0,0.48093754,0.5181837,0.0,0.0,0.62961715,0.0,1.0734493,0.0,0.0,0.0,0.0,0.0,0.0,0.0,0.2088112,0.29614505,0.0,0.0,0.3971569,0.0,0.0,0.0,0.0,0.0,0.0
0.3011291,0.0,0.0,0.35245812,0.0,0.14262904,0.0,0.0,0.0,0.32140642,0.0,0.0,0.0,0.0,0.24040675,0.0,0.0,0.0,0.0,0.0,0.08801298,0.0,0.0,0.0,0.007734783,0.0,0.0,0.1256199,0.30903944,0.19681461,0.0,0.0
0.117593005,0.0,0.0,0.033275012,0.13460015,0.0,0.0,0.0,0.0,0.0,0.0,0.0,0.0,0.0,0.10337106,0.0,0.115760185,0.0,0.0,0.21518832,0.13943279,0.0,0.0,0.11378209,0.08838911,0.0,0.0,0.09205218,0.01990611,0.6032581,0.03856091,0.69866616
0.5778211,0.0,0.0,0.65197164,0.0,0.25564247,0.0,0.0,0.0,0.60042465,0.0,0.0,0.0,0.0,0.42097417,0.0,0.0,0.0,0.0,0.0,0.2334418,0.0,0.0,0.0,0.0,0.0,0.0,0.204846,0.534477,0.37898645,0.0,0.0
0.5231689,0.0,0.0,0.6107151,0.0,0.21780543,0.0,0.0,0.0,0.55715156,0.0,0.0,0.0,0.0,0.39094156,0.0,0.0,0.0,0.0,0.0,0.2069929,0.0,0.0,0.0,0.0,0.0,0.0,0.18996617,0.49990857,0.42372075,0.0,0.0
0.09490441,0.0,0.0,0.03516099,0.16624068,0.0,0.0,0.0,0.0,0.0,0.0,0.0,0.0,0.0,0.10197534,0.0,0.13764702,0.0077922586,0.0,0.21093163,0.15205087,0.0,0.0,0.11492559,0.070974834,0.0,0.028395012,0.08281805,0.0032496983,0.61123496,0.057182845,0.7281501
0.44565412,0.0,0.0,0.53431666,0.0,0.17213878,0.0,0.0,0.0,0.49239877,0.0,0.0,0.0,0.0,0.346432,0.0,0.0,0.0,0.0,0.0,0.17615773,0.0,0.0,0.0,0.0,0.0,0.0,0.16339073,0.43412313,0.3693844,0.0,0.0
0.4325196,0.0,0.0,0.51612544,0.0,0.1756381,0.0,0.0,0.0,0.46253616,0.0,0.0,0.0,0.0,0.3540855,0.0,0.0,0.0,0.0,0.0,0.1705414,0.0,0.0,0.0,0.0,0.0,0.0,0.16965967,0.43008742,0.41014457,0.0,0.0
0.0,0.0,0.75716007,0.0,0.0,0.0,0.0,0.9800294,1.5759495,0.0,0.0,1.2892495,0.0,2.0725179,0.0,0.0,0.0,0.0,0.0,0.0,0.0,0.88337666,0.9593276,0.0,0.0,0.95248204,0.0,0.0,0.0,0.0,0.0,0.0
0.10215233,0.0,0.0,0.035212886,0.17696127,0.0,0.0,0.0,0.0,0.0,0.0,0.0,0.0,0.0,0.09709573,0.0,0.1470576,0.0007433798,0.0,0.21298912,0.1550276,0.0,0.0,0.11192046,0.07599728,0.0,0.035665005,0.08006627,0.0,0.6033811,0.078203484,0.72811425
1.4866438,0.0,0.0,1.4445647,0.0,0.60110694,0.0,0.0,0.0,1.4946243,0.0,0.0,0.0,0.0,1.4216714,0.0,0.0,0.0,0.0,0.0,0.8336787,0.0,0.0,0.0,0.0,0.0,0.0,0.33192182,1.3077031,0.8055834,0.0,0.0
1.4786631,0.0,0.0,1.4166257,0.0,0.6053401,0.0,0.0,0.0,1.4920021,0.0,0.0,0.0,0.0,1.4489475,0.0,0.0,0.0,0.0,0.0,0.8365835,0.0,0.0,0.0,0.0,0.0,0.0,0.32146946,1.3029363,0.7859516,0.0,0.0
0.0,0.0,0.75146574,0.0,0.0,0.0,0.0,0.9723814,1.5481755,0.0,0.0,1.276273,0.0,2.055755,0.0,0.0,0.0,0.0,0.0,0.0,0.0,0.8564571,0.94512343,0.0,0.0,0.9425836,0.0,0.0,0.0,0.0,0.0,0.0
1.4929496,0.0,0.0,1.4357727,0.0,0.604089,0.0,0.0,0.0,1.5123216,0.0,0.0,0.0,0.0,1.4560945,0.0,0.0,0.0,0.0,0.0,0.84782815,0.0,0.0,0.0,0.0,0.0,0.0,0.32087827,1.319873,0.7966673,0.0,0.0
0.62699467,0.0,0.0,0.70464975,0.0,0.24049802,0.0,0.0,0.0,0.6627635,0.0,0.0,0.0,0.0,0.48819354,0.0,0.0,0.0,0.0,0.0,0.25823155,0.0,0.0,0.0,0.0,0.0,0.0,0.21554211,0.54851264,0.45453882,0.0,0.0
1.2976488,0.0,0.0,1.3587492,0.0,0.43991566,0.0,0.0,0.0,1.2885051,0.0,0.0,0.0,0.0,1.0925789,0.0,0.0,0.0,0.0,0.0,0.63619316,0.0,0.0,0.0,0.0,0.0,0.0,0.3509939,1.0615978,0.8644796,0.0,0.0
0.36696854,0.0,0.0,0.46585768,0.0,0.1846344,0.0,0.0,0.0,0.41732204,0.0,0.0,0.0,0.0,0.26793578,0.0,0.0,0.0,0.0,0.0,0.12968531,0.0,0.0,0.0,0.072654605,0.0,0.0,0.14390996,0.42563805,0.35261258,0.0,0.0
0.0,0.0,0.35129777,0.0,0.0,0.0,0.0,0.42375278,0.47157317,0.0,0.0,0.5605035,0.0,0.9784329,0.0,0.0,0.0,0.0,0.0,0.0,0.0,0.18632069,0.25250587,0.0,0.0,0.34645766,0.0,0.0,0.0,0.0,0.0,0.0
0.4632225,0.0,0.0,0.54892194,0.0,0.23908891,0.0,0.0,0.0,0.49301782,0.0,0.0,0.0,0.0,0.30747393,0.0,0.0,0.0,0.0,0.0,0.16883454,0.0,0.0,0.0,0.013388112,0.0,0.0,0.17863108,0.47684968,0.33401594,0.0,0.0
0.5001036,0.0,0.0,0.57011247,0.0,0.20954885,0.0,0.0,0.0,0.5199292,0.0,0.0,0.0,0.0,0.33726272,0.0,0.0,0.0,0.0,0.0,0.19361305,0.0,0.0,0.0,0.0,0.0,0.0,0.17828317,0.4657886,0.32570064,0.0,0.0
0.0,0.0,0.75146574,0.0,0.0,0.0,0.0,0.9723814,1.5481755,0.0,0.0,1.276273,0.0,2.055755,0.0,0.0,0.0,0.0,0.0,0.0,0.0,0.8564571,0.94512343,0.0,0.0,0.9425836,0.0,0.0,0.0,0.0,0.0,0.0
0.27685958,0.0,0.01725176,0.3248865,0.0,0.12987448,0.0,0.0,0.0,0.28731814,0.0,0.0,0.0,0.0,0.19642311,0.0,0.0,0.0,0.0,0.0,0.07244748,0.0,0.0,0.0,0.035853725,0.0,0.0,0.11579259,0.28209212,0.17024988,0.0,0.0
0.5450823,0.0,0.0,0.6150913,0.0,0.24190582,0.0,0.0,0.0,0.5683908,0.0,0.0,0.0,0.0,0.37758347,0.0,0.0,0.0,0.0,0.0,0.22268206,0.0,0.0,0.0,0.0,0.0,0.0,0.19962026,0.51230896,0.34583437,0.0,0.0
0.0,0.0,0.33443055,0.0,0.0,0.0,0.0,0.40267837,0.4193402,0.0,0.0,0.48849368,0.0,1.0060409,0.0,0.0,0.0,0.0,0.0,0.0,0.0,0.24978228,0.24116334,0.0,0.0,0.3618704,0.0,0.0,0.0,0.0,0.0,0.0
0.0,0.0,0.32836264,0.0,0.0,0.0,0.0,0.3862955,0.40207255,0.0,0.0,0.47199857,0.0,0.9719473,0.0,0.0,0.0,0.0,0.0,0.0,0.0,0.24556085,0.2291244,0.0,0.0,0.34087348,0.0,0.0,0.0,0.0,0.0,0.0
0.3707765,0.0,0.0,0.4564737,0.0,0.1319241,0.0,0.0,0.0,0.39923644,0.0,0.0,0.0,0.0,0.29559475,0.0,0.0,0.0,0.0,0.0,0.14101106,0.0,0.0,0.0,0.016162556,0.0,0.0,0.13513468,0.37626186,0.35106376,0.0,0.0
0.54995596,0.0,0.0,0.62622154,0.0,0.23171623,0.0,0.0,0.0,0.5788334,0.0,0.0,0.0,0.0,0.4104917,0.0,0.0,0.0,0.0,0.0,0.21929944,0.0,0.0,0.0,0.0,0.0,0.0,0.19433051,0.49895445,0.36525097,0.0,0.0
0.31318086,0.0,0.0,0.3646918,0.0,0.14953507,0.0,0.0,0.0,0.3415045,0.0,0.0,0.0,0.0,0.2609632,0.0,0.0,0.0,0.0,0.0,0.09304775,0.0,0.0,0.0,0.0,0.0,0.0,0.13483475,0.3174434,0.20334218,0.0,0.0
0.0,0.0,0.75146574,0.0,0.0,0.0,0.0,0.9723814,1.5481755,0.0,0.0,1.276273,0.0,2.055755,0.0,0.0,0.0,0.0,0.0,0.0,0.0,0.8564571,0.94512343,0.0,0.0,0.9425836,0.0,0.0,0.0,0.0,0.0,0.0
0.5970767,0.0,0.0,0.67174757,0.0,0.2636274,0.0,0.0,0.0,0.6256868,0.0,0.0,0.0,0.0,0.4479259,0.0,0.0,0.0,0.0,0.0,0.24262387,0.0,0.0,0.0,0.0,0.0,0.0,0.21544042,0.5425679,0.38831186,0.0,0.0
0.10745722,0.0,0.0,0.032803893,0.1693888,0.0,0.0,0.0,0.0,0.0,0.0,0.0,0.0,0.0,0.09916566,0.0,0.14111154,0.0,0.0,0.21551338,0.15531665,0.0,0.0,0.109690204,0.08017132,0.0,0.03274466,0.08472512,0.0,0.61159956,0.07040632,0.72969764
0.29434773,0.0,0.0,0.35401624,0.0,0.14689031,0.0,0.0,0.0,0.32183802,0.0,0.0,0.0,0.0,0.2528741,0.0,0.0,0.0,0.0,0.0,0.08827385,0.0,0.0,0.0,0.0,0.0,0.0,0.13278106,0.3075557,0.22899775,0.0,0.0
0.34803128,0.0,0.0,0.40274817,0.0,0.114621446,0.0,0.0,0.0,0.34250125,0.0,0.0,0.0,0.0,0.27805918,0.0,0.0,0.0,0.0,0.0,0.12934826,0.0,0.0,0.0,0.0059224293,0.0,0.0,0.13781424,0.32177052,0.35796428,0.0,0.01721742
0.0,0.0,0.3477462,0.0,0.0,0.0,0.0,0.41420257,0.46816164,0.0,0.0,0.5514294,0.0,0.9638663,0.0,0.0,0.0,0.0,0.0,0.0,0.0,0.188127,0.25108823,0.0,0.0,0.3382635,0.0,0.0,0.0,0.0,0.0,0.0
0.42134067,0.0,0.0,0.49386543,0.0,0.14529245,0.0,0.0,0.0,0.4416799,0.0,0.0,0.0,0.0,0.3400927,0.0,0.0,0.0,0.0,0.0,0.17014897,0.0,0.0,0.0,0.0,0.0,0.0,0.1586599,0.3915569,0.39925638,0.0,0.0
1.5073482,0.0,0.0,1.4639262,0.0,0.6117985,0.0,0.0,0.0,1.5066451,0.0,0.0,0.0,0.0,1.4415929,0.0,0.0,0.0,0.0,0.0,0.8427559,0.0,0.0,0.0,0.0,0.0,0.0,0.3396793,1.3157921,0.81315786,0.0,0.0
1.5141804,0.0,0.0,1.4540758,0.0,0.6168207,0.0,0.0,0.0,1.5250497,0.0,0.0,0.0,0.0,1.484438,0.0,0.0,0.0,0.0,0.0,0.8616489,0.0,0.0,0.0,0.0,0.0,0.0,0.32664582,1.3310939,0.8073373,0.0,0.0
1.4786631,0.0,0.0,1.4166257,0.0,0.6053401,0.0,0.0,0.0,1.4920021,0.0,0.0,0.0,0.0,1.4489475,0.0,0.0,0.0,0.0,0.0,0.8365835,0.0,0.0,0.0,0.0,0.0,0.0,0.32146946,1.3029363,0.7859516,0.0,0.0
1.447516,0.0,0.0,1.4081815,0.0,0.5892118,0.0,0.0,0.0,1.4669021,0.0,0.0,0.0,0.0,1.3792255,0.0,0.0,0.0,0.0,0.0,0.819654,0.0,0.0,0.0,0.0,0.0,0.0,0.32354024,1.288726,0.7736367,0.0,0.0
1.4544654,0.0,0.0,1.3996451,0.0,0.59026927,0.0,0.0,0.0,1.484724,0.0,0.0,0.0,0.0,1.411728,0.0,0.0,0.0,0.0,0.0,0.83171034,0.0,0.0,0.0,0.0,0.0,0.0,0.31218874,1.3004504,0.7644988,0.0,0.0
1.4176809,0.0,0.0,1.3606457,0.0,0.5778253,0.0,0.0,0.0,1.4524648,0.0,0.0,0.0,0.0,1.3755747,0.0,0.0,0.0,0.0,0.0,0.8058351,0.0,0.0,0.0,0.0,0.0,0.0,0.30607182,1.2730963,0.7433796,0.0,0.0
1.4562109,0.0,0.0,1.3967277,0.0,0.5916719,0.0,0.0,0.0,1.4800552,0.0,0.0,0.0,0.0,1.4200839,0.0,0.0,0.0,0.0,0.0,0.82197833,0.0,0.0,0.0,0.0,0.0,0.0,0.3147834,1.2925853,0.77551574,0.0,0.0
0.62627614,0.0,0.0,0.7041351,0.0,0.24034788,0.0,0.0,0.0,0.6621666,0.0,0.0,0.0,0.0,0.48770422,0.0,0.0,0.0,0.0,0.0,0.2580273,0.0,0.0,0.0,0.0,0.0,0.0,0.21537104,0.5482199,0.45429495,0.0,0.0
0.0,0.0,0.2710869,0.0,0.0,0.0,0.0,0.0,0.0,0.0,0.0,0.005769776,0.0,0.37821078,0.0,0.0,0.0,0.16927041,0.0,0.0,0.0,0.65615374,0.0,0.0,0.0,0.0,0.0,0.0,0.0,0.0,0.0,0.0
0.116212755,0.0,0.0,0.04254103,0.07421853,0.0,0.0,0.0,0.0,0.0,0.0,0.0,0.0,0.0,0.11045757,0.0,0.06292851,0.0,0.0,0.20178223,0.10576436,0.0,0.0,0.10994846,0.09392342,0.0,0.0,0.1077105,0.066837,0.52788377,0.0,0.5851257
0.25836936,0.0,0.0,0.30868423,0.0,0.105049655,0.0,0.0,0.0,0.2702568,0.0,0.0,0.0,0.0,0.22462425,0.0,0.0,0.0,0.0,0.0,0.0801062,0.0,0.0,0.0,0.02488788,0.0,0.0,0.115836166,0.27271444,0.27294758,0.0,0.042794824
0.62777674,0.0,0.0,0.7054508,0.0,0.24101214,0.0,0.0,0.0,0.66366506,0.0,0.0,0.0,0.0,0.48873496,0.0,0.0,0.0,0.0,0.0,0.25886565,0.0,0.0,0.0,0.0,0.0,0.0,0.2158128,0.54944235,0.45429316,0.0,0.0
0.0,0.0,0.27358377,0.0,0.0,0.0,0.0,0.0,0.0,0.0,0.0,0.0036672466,0.0,0.37554365,0.0,0.0,0.0,0.16905124,0.0,0.0,0.0,0.65929025,0.0,0.0,0.0,0.0,0.0,0.0,0.0,0.0,0.0,0.0
0.103521265,0.0,0.0,0.0360204,0.13600995,0.0,0.0,0.0,0.0,0.0,0.0,0.0,0.0,0.0,0.106447585,0.0,0.11399371,0.0,0.0,0.21009079,0.13333283,0.0,0.0,0.11369023,0.08682753,0.0,0.0,0.08855958,0.026820697,0.58811074,0.032208722,0.67912316
0.0,0.0,0.35887033,0.0,0.0,0.0,0.0,0.4319638,0.48560554,0.0,0.0,0.5682606,0.0,1.0009717,0.0,0.0,0.0,0.0,0.0,0.0,0.0,0.1883842,0.2620848,0.0,0.0,0.3571682,0.0,0.0,0.0,0.0,0.0,0.0
0.0,0.0,0.3506361,0.0,0.0,0.0,0.0,0.4235747,0.4734667,0.0,0.0,0.5573627,0.0,0.9801212,0.0,0.0,0.0,0.0,0.0,0.0,0.0,0.18432537,0.2525279,0.0,0.0,0.34719503,0.0,0.0,0.0,0.0,0.0,0.0
0.40933648,0.0,0.0,0.49382406,0.0,0.18589881,0.0,0.0,0.0,0.41420612,0.0,0.0,0.0,0.0,0.30084684,0.0,0.0,0.0,0.0,0.0,0.15040056,0.0,0.0,0.0,0.019118402,0.0,0.0,0.16045018,0.4267927,0.3548768,0.0,0.0
0.5001432,0.0,0.0,0.5873062,0.0,0.21230544,0.0,0.0,0.0,0.53183043,0.0,0.0,0.0,0.0,0.37092906,0.0,0.0,0.0,0.0,0.0,0.19605508,0.0,0.0,0.0,0.0,0.0,0.0,0.1836976,0.48870647,0.41042292,0.0,0.0
0.10905179,0.0,0.0,0.03173323,0.16621637,0.0,0.0,0.0,0.0,0.0,0.0,0.0,0.0,0.0,0.10084616,0.0,0.13889556,0.0,0.0,0.2164087,0.156154,0.0,0.0,0.10991633,0.07964528,0.0,0.032172948,0.084958695,0.0,0.61957496,0.068915024,0.73581815
0.10329211,0.0,0.0,0.03321663,0.16946004,0.0,0.0,0.0,0.0,0.0,0.0,0.0,0.0,0.0,0.100646704,0.0,0.1421706,0.0021393672,0.0,0.21338746,0.15650254,0.0,0.0,0.11140233,0.07582627,0.0,0.034839347,0.08340688,0.0,0.6148441,0.06809968,0.7363972
0.11165983,0.0,0.0,0.03250665,0.16053307,0.0,0.0,0.0,0.0,0.0,0.0,0.0,0.0,0.0,0.10043095,0.0,0.13708282,0.0,0.0,0.21558315,0.15363738,0.0,0.0,0.11135985,0.08082968,0.0,0.02578409,0.08505841,0.00010064058,0.6112114,0.064151555,0.7276331
0.0,0.0,0.4104861,0.0,0.0,0.0,0.0,0.5027164,0.57211405,0.0,0.0,0.65615433,0.0,1.1295263,0.0,0.0,0.0,0.0,0.0,0.0,0.0,0.22455251,0.3226982,0.0,0.0,0.41686392,0.0,0.0,0.0,0.0,0.0,0.0
0.10577174,0.0,0.0,0.03667514,0.08962389,0.0,0.0,0.0,0.0,0.0,0.0,0.0,0.0,0.0,0.11035186,0.0,0.08314842,0.0,0.0,0.20054457,0.11678958,0.0,0.0,0.113903284,0.08741899,0.0,0.0,0.10074451,0.05589655,0.5465608,0.0,0.6182895
0.09705199,0.0,0.0,0.033515215,0.17395343,0.0,0.0,0.0,0.0,0.0,0.0,0.0,0.0,0.0,0.10073185,0.0,0.14592157,0.0092428345,0.0,0.21078116,0.15850492,0.0,0.0,0.11322445,0.06701847,0.0,0.041254967,0.081166655,0.0,0.6163031,0.06633513,0.7430813
0.104207255,0.0,0.0,0.03479442,0.14544806,0.0,0.0,0.0,0.0,0.0,0.0,0.0,0.0,0.0,0.10381738,0.0,0.123766035,0.0,0.0,0.21109927,0.14307256,0.0,0.0,0.11376053,0.081419766,0.0,0.0059802234,0.08827172,0.016773233,0.6005347,0.04180382,0.7033199
0.49930778,0.0,0.0,0.5810291,0.0,0.18745881,0.0,0.0,0.0,0.52841467,0.0,0.0,0.0,0.0,0.373116,0.0,0.0,0.0,0.0,0.0,0.20107663,0.0,0.0,0.0,0.0069313757,0.0,0.0,0.17714912,0.48456535,0.46495494,0.0,0.0
0.10828271,0.0,0.0,0.034399856,0.14286727,0.0,0.0,0.0,0.0,0.0,0.0,0.0,0.0,0.0,0.10490568,0.0,0.12101975,0.0,0.0,0.21383402,0.14340669,0.0,0.0,0.1138327,0.08388761,0.0,0.0049383044,0.08917641,0.01843872,0.6089526,0.04252212,0.708821
0.12116354,0.0,0.0,0.042367067,0.07230104,0.0,0.0,0.0,0.0,0.0,0.0,0.0,0.0,0.0,0.112379506,0.0,0.058993235,0.0,0.0,0.20592457,0.1074743,0.0,0.0,0.108762756,0.09450179,0.0,0.0,0.109005876,0.066772886,0.5379657,0.0,0.5923699
0.36471212,0.0,0.0,0.41587865,0.0,0.12334244,0.0,0.0,0.0,0.36068055,0.0,0.0,0.0,0.0,0.26698354,0.0,0.0,0.0,0.0,0.0,0.1360546,0.0,0.0,0.0,0.0797252,0.0,0.0,0.13988708,0.36998776,0.4319522,0.0,0.02128774
0.6422525,0.0,0.0,0.69585294,0.0,0.20121579,0.0,0.0,0.0,0.6262774,0.0,0.0,0.0,0.0,0.4811339,0.0,0.0,0.0,0.0,0.0,0.27251017,0.0,0.0,0.0,0.0,0.0,0.0,0.21608748,0.54052037,0.5793682,0.0,0.0
0.11041377,0.0,0.0,0.03370752,0.15026611,0.0,0.0,0.0,0.0,0.0,0.0,0.0,0.0,0.0,0.10238095,0.0,0.12787433,0.0,0.0,0.21366933,0.14754812,0.0,0.0,0.11499984,0.08028511,0.0,0.01625441,0.08744657,0.009288731,0.61266035,0.05168662,0.72168237
0.0,0.0,0.2820114,0.0,0.0,0.0,0.0,0.0,0.0,0.0,0.0,0.0,0.0,0.41806394,0.0,0.0,0.0,0.18834044,0.0,0.0,0.0,0.7324108,0.0,0.0,0.0,0.0,0.0,0.0,0.0,0.0,0.0,0.0
0.0,0.0,0.7806926,0.0,0.0,0.0,0.0,1.0189135,1.639899,0.0,0.0,1.3392881,0.0,2.1467602,0.0,0.0,0.0,0.0,0.0,0.0,0.0,0.9249674,1.0024958,0.0,0.0,0.9911811,0.0,0.0,0.0,0.0,0.0,0.0
0.0,0.0,0.35758066,0.0,0.0,0.0,0.0,0.42932606,0.45203018,0.0,0.0,0.5146693,0.0,1.071467,0.0,0.0,0.0,0.0,0.0,0.0,0.0,0.26970893,0.26339895,0.0,0.0,0.3915602,0.0,0.0,0.0,0.0,0.0,0.0
0.0,0.0,0.40216467,0.0,0.0,0.0,0.0,0.4946668,0.5658357,0.0,0.0,0.64275706,0.0,1.1209807,0.0,0.0,0.0,0.0,0.0,0.0,0.0,0.22146241,0.32392615,0.0,0.0,0.4172663,0.0,0.0,0.0,0.0,0.0,0.0
0.0,0.0,0.79084057,0.0,0.0,0.0,0.0,1.0159732,1.6615942,0.0,0.0,1.3443892,0.0,2.1525946,0.0,0.0,0.0,0.0,0.0,0.0,0.0,0.9485932,1.0058413,0.0,0.0,0.9947615,0.0,0.0,0.0,0.0,0.0,0.0
0.0,0.0,0.8228775,0.0,0.0,0.0,0.0,1.0796928,1.7218752,0.0,0.0,1.4127785,0.0,2.2633457,0.0,0.0,0.0,0.0,0.0,0.0,0.0,0.95814306,1.0582517,0.0,0.0,1.0516549,0.0,0.0,0.0,0.0,0.0,0.0
0.0,0.0,0.73404044,0.0,0.0,0.0,0.0,0.9490145,1.5074134,0.0,0.0,1.2507674,0.0,2.0085762,0.0,0.0,0.0,0.0,0.0,0.0,0.0,0.83879375,0.9226407,0.0,0.0,0.9176385,0.0,0.0,0.0,0.0,0.0,0.0
0.10745722,0.0,0.0,0.032803893,0.1693888,0.0,0.0,0.0,0.0,0.0,0.0,0.0,0.0,0.0,0.09916566,0.0,0.14111154,0.0,0.0,0.21551338,0.15531665,0.0,0.0,0.109690204,0.08017132,0.0,0.03274466,0.08472512,0.0,0.61159956,0.07040632,0.72969764
0.45303234,0.0,0.0,0.524125,0.0,0.1758882,0.0,0.0,0.0,0.47464374,0.0,0.0,0.0,0.0,0.366831,0.0,0.0,0.0,0.0,0.0,0.18482372,0.0,0.0,0.0,0.0,0.0,0.0,0.1809186,0.43763727,0.4444975,0.0,0.0
0.1227498,0.0,0.0,0.041985802,0.078875616,0.0,0.0,0.0,0.0,0.0,0.0,0.0,0.0,0.0,0.10952312,0.0,0.065742046,0.0,0.0,0.20676783,0.10976149,0.0,0.0,0.111100465,0.09233327,0.0,0.0,0.106562905,0.05877228,0.5433045,0.0,0.60631967
0.604043,0.0,0.0,0.6826434,0.0,0.23091628,0.0,0.0,0.0,0.63972974,0.0,0.0,0.0,0.0,0.47053793,0.0,0.0,0.0,0.0,0.0,0.24618033,0.0,0.0,0.0,0.0,0.0,0.0,0.20955049,0.5312652,0.45001084,0.0,0.0
0.8905224,0.0,0.0,0.97347236,0.0,0.30301183,0.0,0.0,0.0,0.91863346,0.0,0.0,0.0,0.0,0.7161487,0.0,0.0,0.0,0.0,0.0,0.40381226,0.0,0.0,0.0,0.0,0.0,0.0,0.27230176,0.7509306,0.66575646,0.0,0.0
0.0,0.0,0.0,0.0,2.8583262,0.0,0.0,0.0,0.0,0.0,0.0,0.0,0.0,0.0,0.0,0.0,2.094813,0.9453063,0.0,0.6280721,0.64145744,0.0,0.0,0.052998282,0.119771294,0.0,1.8662786,0.0,0.0,1.639777,0.83902013,2.610749
1.4612525,0.0,0.0,1.4309484,0.0,0.581503,0.0,0.0,0.0,1.4567279,0.0,0.0,0.0,0.0,1.3828228,0.0,0.0,0.0,0.0,0.0,0.8086904,0.0,0.0,0.0,0.0,0.0,0.0,0.33282605,1.2702134,0.8021115,0.0,0.0
0.32591406,0.0,0.0,0.37384468,0.0,0.11634636,0.0,0.0,0.0,0.2929614,0.0,0.0,0.0,0.0,0.2317212,0.0,0.0,0.0,0.0,0.0,0.12572056,0.0,0.0,0.0,0.10041565,0.0,0.0,0.14100474,0.3542152,0.41710022,0.0,0.055874676
0.3202942,0.0,0.0,0.372908,0.0,0.11924748,0.0,0.0,0.0,0.32250088,0.0,0.0,0.0,0.0,0.23180568,0.0,0.0,0.0,0.0,0.0,0.11689769,0.0,0.0,0.0,0.098527715,0.0,0.0,0.13652612,0.34497243,0.3812306,0.0,0.023505822
0.54402566,0.0,0.0,0.6334925,0.0,0.2145759,0.0,0.0,0.0,0.59287405,0.0,0.0,0.0,0.0,0.43762636,0.0,0.0,0.0,0.0,0.0,0.22042596,0.0,0.0,0.0,0.0,0.0,0.0,0.19767405,0.5027072,0.45018226,0.0,0.0
0.0,0.0,0.76297826,0.0,0.0,0.0,0.0,1.0115546,1.578751,0.0,0.0,1.3253583,0.0,2.1211395,0.0,0.0,0.0,0.0,0.0,0.0,0.0,0.85716814,0.98118603,0.0,0.0,0.9724613,0.0,0.0,0.0,0.0,0.0,0.0
0.30571827,0.0,0.0,0.36282122,0.0,0.10703538,0.0,0.0,0.0,0.29761955,0.0,0.0,0.0,0.0,0.23749295,0.0,0.0,0.0,0.0,0.00068567693,0.122640535,0.0,0.0,0.0,0.06919871,0.0,0.0,0.14090413,0.32345045,0.37481895,0.0,0.058720797
0.40137744,0.0,0.0,0.46792847,0.0,0.16130295,0.0,0.0,0.0,0.41288394,0.0,0.0,0.0,0.0,0.32159746,0.0,0.0,0.0,0.0,0.0,0.16786988,0.0,0.0,0.0,0.03302651,0.0,0.0,0.16999128,0.4170972,0.43851683,0.0,0.0
0.22431952,0.0,0.0,0.27330244,0.0,0.10042834,0.0,0.0,0.0,0.23900273,0.0,0.0,0.0,0.0,0.20681557,0.0,0.0,0.0,0.0,0.0,0.07083078,0.0,0.0,0.0,0.046719514,0.0,0.0,0.11130955,0.2625728,0.2710129,0.0,0.0752017
1.219247,0.0,0.0,1.2909502,0.0,0.39327538,0.0,0.0,0.0,1.2287452,0.0,0.0,0.0,0.0,1.0191787,0.0,0.0,0.0,0.0,0.0,0.5876179,0.0,0.0,0.0,0.0,0.0,0.0,0.3405364,1.0021808,0.8689506,0.0,0.0
0.46225667,0.0,0.0,0.54462016,0.0,0.18017183,0.0,0.0,0.0,0.49599007,0.0,0.0,0.0,0.0,0.38005003,0.0,0.0,0.0,0.0,0.0,0.1839551,0.0,0.0,0.0,0.0,0.0,0.0,0.17343207,0.4476425,0.4318065,0.0,0.0
0.27198234,0.0,0.0,0.32826275,0.0,0.11551118,0.0,0.0,0.0,0.29519156,0.0,0.0,0.0,0.0,0.23432976,0.0,0.0,0.0,0.0,0.0,0.071120456,0.0,0.0,0.0,0.0071342103,0.0,0.0,0.110902205,0.2762826,0.23021781,0.0,0.0
0.0,0.0,0.0,0.0,2.823998,0.0,0.0,0.0,0.0,0.0,0.0,0.0,0.0,0.0,0.0,0.0,2.065318,0.9367631,0.0,0.621691,0.62330127,0.0,0.0,0.05749291,0.11598726,0.0,1.8374026,0.0,0.0,1.6185751,0.8255501,2.5753555
0.0,0.0,0.0,0.0,2.9627895,0.0,0.0,0.0,0.0,0.0,0.0,0.0,0.0,0.0,0.0,0.0,2.1462576,0.9994925,0.0,0.6236246,0.639454,0.0,0.0,0.065303616,0.110451415,0.0,1.9374993,0.0,0.0,1.6608092,0.8342359,2.6357944
0.0,0.0,0.29315668,0.0,0.0,0.0,0.0,0.0,0.0,0.0,0.0,0.0,0.0,0.43351692,0.0,0.0,0.0,0.18270779,0.0,0.0,0.0,0.7461645,0.0,0.0,0.0,0.0,0.0,0.0,0.0,0.0,0.0,0.0
1.3563789,0.0,0.0,1.3287966,0.0,0.53705,0.0,0.0,0.0,1.3762215,0.0,0.0,0.0,0.0,1.2864563,0.0,0.0,0.0,0.0,0.0,0.7522452,0.0,0.0,0.0,0.0,0.0,0.0,0.30489004,1.197507,0.74579126,0.0,0.0
0.10365179,0.0,0.0,0.03907357,0.08517117,0.0,0.0,0.0,0.0,0.0,0.0,0.0,0.0,0.0,0.10942434,0.0,0.07647594,0.0,0.0,0.19953594,0.110957846,0.0,0.0,0.11476189,0.08963972,0.0,0.0,0.10411415,0.06349535,0.5399343,0.0,0.6030353
1.4087577,0.0,0.0,1.3793589,0.0,0.56086713,0.0,0.0,0.0,1.420027,0.0,0.0,0.0,0.0,1.3414667,0.0,0.0,0.0,0.0,0.0,0.7842301,0.0,0.0,0.0,0.0,0.0,0.0,0.31761765,1.2326748,0.7690863,0.0,0.0
0.0,0.0,0.38261607,0.0,0.0,0.0,0.0,0.46896946,0.5262378,0.0,0.0,0.6163869,0.0,1.0687644,0.0,0.0,0.0,0.0,0.0,0.0,0.0,0.20521876,0.29421133,0.0,0.0,0.39106506,0.0,0.0,0.0,0.0,0.0,0.0
0.28185678,0.0,0.0,0.35353643,0.0,0.12744017,0.0,0.0,0.0,0.310611,0.0,0.0,0.0,0.0,0.23894411,0.0,0.0,0.0,0.0,0.0,0.09001522,0.0,0.0,0.0,0.005614441,0.0,0.0,0.11431015,0.29561174,0.21153878,0.0,0.0
0.43006873,0.0,0.0,0.5101107,0.0,0.18807428,0.0,0.0,0.0,0.45742574,0.0,0.0,0.0,0.0,0.31598875,0.0,0.0,0.0,0.0,0.0,0.16110408,0.0,0.0,0.0,0.0,0.0,0.0,0.1621217,0.42264897,0.32432678,0.0,0.0
0.32346508,0.0,0.0,0.37681568,0.0,0.117143035,0.0,0.0,0.0,0.3187607,0.0,0.0,0.0,0.0,0.25344276,0.0,0.0,0.0,0.0,0.0,0.13954942,0.0,0.0,0.0,0.07565733,0.0,0.0,0.15299274,0.348953,0.41408172,0.0,0.065160915
1.5071744,0.0,0.0,1.454474,0.0,0.61473864,0.0,0.0,0.0,1.5110478,0.0,0.0,0.0,0.0,1.434659,0.0,0.0,0.0,0.0,0.0,0.84045327,0.0,0.0,0.0,0.0,0.0,0.0,0.33465144,1.314028,0.79617137,0.0,0.0
0.36900714,0.0,0.0,0.45458364,0.0,0.15454642,0.0,0.0,0.0,0.41305426,0.0,0.0,0.0,0.0,0.28430125,0.0,0.0,0.0,0.0,0.0,0.1462276,0.0,0.0,0.0,0.05535402,0.0,0.0,0.15159303,0.40417182,0.35905352,0.0,0.0
0.2853339,0.0,0.0,0.3300526,0.0,0.09393638,0.0,0.0,0.0,0.2721117,0.0,0.0,0.0,0.0,0.23253745,0.0,0.0,0.0,0.0,0.0053185076,0.10525747,0.0,0.0,0.0,0.05807657,0.0,0.0,0.1244074,0.29344878,0.35577747,0.0,0.08725326
0.0,0.0,0.8084319,0.0,0.0,0.0,0.0,1.0391034,1.6966597,0.0,0.0,1.361502,0.0,2.1933095,0.0,0.0,0.0,0.0,0.0,0.0,0.0,0.9600493,1.0280223,0.0,0.0,1.0139233,0.0,0.0,0.0,0.0,0.0,0.0
0.0,0.0,0.2681299,0.0,0.0,0.0,0.0,0.0,0.0,0.0,0.0,0.005394077,0.0,0.37521338,0.0,0.0,0.0,0.17121279,0.0,0.0,0.0,0.6491581,0.0,0.0,0.0,0.0,0.0,0.0,0.0,0.0,0.0,0.0
0.43778682,0.0,0.0,0.527228,0.0,0.18654831,0.0,0.0,0.0,0.4742856,0.0,0.0,0.0,0.0,0.34230885,0.0,0.0,0.0,0.0,0.0,0.16719009,0.0,0.0,0.0,0.0,0.0,0.0,0.16139403,0.43789566,0.37230763,0.0,0.0
0.2733902,0.0,0.0,0.30850133,0.0,0.09408507,0.0,0.0,0.0,0.24895404,0.0,0.0,0.0,0.0,0.21867174,0.0,0.0,0.0,0.0,0.01570502,0.10756795,0.0,0.0,0.0,0.07174045,0.0,0.0,0.13655213,0.28760147,0.3739255,0.0,0.11721289
0.3852517,0.0,0.0,0.47255516,0.0,0.15917581,0.0,0.0,0.0,0.4301253,0.0,0.0,0.0,0.0,0.2987412,0.0,0.0,0.0,0.0,0.0,0.14955983,0.0,0.0,0.0,0.031904608,0.0,0.0,0.15379907,0.4037457,0.3570728,0.0,0.0
0.0,0.0,0.2811732,0.0,0.0,0.0,0.0,0.0,0.0,0.0,0.0,0.0,0.0,0.4039644,0.0,0.0,0.0,0.17434451,0.0,0.0,0.0,0.70227456,0.0,0.0,0.0,0.0,0.0,0.0,0.0,0.0,0.0,0.0
1.1917623,0.0,0.0,1.26052,0.0,0.39214754,0.0,0.0,0.0,1.2108929,0.0,0.0,0.0,0.0,0.9883633,0.0,0.0,0.0,0.0,0.0,0.57153046,0.0,0.0,0.0,0.0,0.0,0.0,0.3370276,0.98156935,0.8345603,0.0,0.0
0.54736793,0.0,0.0,0.6260231,0.0,0.2495801,0.0,0.0,0.0,0.57047755,0.0,0.0,0.0,0.0,0.39884007,0.0,0.0,0.0,0.0,0.0,0.2211135,0.0,0.0,0.0,0.0,0.0,0.0,0.20473318,0.50838596,0.35451007,0.0,0.0
1.3347715,0.0,0.0,1.2992487,0.0,0.52846247,0.0,0.0,0.0,1.3491349,0.0,0.0,0.0,0.0,1.2723329,0.0,0.0,0.0,0.0,0.0,0.7406517,0.0,0.0,0.0,0.0,0.0,0.0,0.2963072,1.1735332,0.7249333,0.0,0.0
0.35805562,0.0,0.0,0.4427787,0.0,0.1553028,0.0,0.0,0.0,0.40483257,0.0,0.0,0.0,0.0,0.26706323,0.0,0.0,0.0,0.0,0.0,0.13512748,0.0,0.0,0.0,0.05772434,0.0,0.0,0.14824875,0.38880247,0.3102366,0.0,0.0
0.0,0.0,0.0,0.0,2.883073,0.0,0.0,0.0,0.0,0.0,0.0,0.0,0.0,0.0,0.0,0.0,2.117805,0.9532917,0.0,0.62639874,0.6475538,0.0,0.0,0.052449733,0.120610796,0.0,1.8808229,0.0,0.0,1.6502959,0.8447982,2.6255555
1.3191136,0.0,0.0,1.3088703,0.0,0.5188055,0.0,0.0,0.0,1.3350735,0.0,0.0,0.0,0.0,1.2191162,0.0,0.0,0.0,0.0,0.0,0.7218456,0.0,0.0,0.0,0.0,0.0,0.0,0.3126349,1.159776,0.71991456,0.0,0.0
0.38617185,0.0,0.0,0.45553374,0.0,0.16024421,0.0,0.0,0.0,0.40522707,0.0,0.0,0.0,0.0,0.30557063,0.0,0.0,0.0,0.0,0.0,0.15255739,0.0,0.0,0.0,0.032550238,0.0,0.0,0.16200757,0.3999952,0.3908154,0.0,0.0
1.2294331,0.0,0.0,1.3015345,0.0,0.4012124,0.0,0.0,0.0,1.2434425,0.0,0.0,0.0,0.0,1.0258763,0.0,0.0,0.0,0.0,0.0,0.5911695,0.0,0.0,0.0,0.0,0.0,0.0,0.34457755,1.0060383,0.8641485,0.0,0.0
0.51711166,0.0,0.0,0.60839826,0.0,0.20440756,0.0,0.0,0.0,0.5575291,0.0,0.0,0.0,0.0,0.382396,0.0,0.0,0.0,0.0,0.0,0.20862904,0.0,0.0,0.0,0.0,0.0,0.0,0.1848399,0.49327156,0.41736558,0.0,0.0
0.8378326,0.0,0.0,0.9252897,0.0,0.2872367,0.0,0.0,0.0,0.8718733,0.0,0.0,0.0,0.0,0.6692089,0.0,0.0,0.0,0.0,0.0,0.37622368,0.0,0.0,0.0,0.0,0.0,0.0,0.26412833,0.7132227,0.64999753,0.0,0.0
0.38387927,0.0,0.0,0.46819067,0.0,0.15952617,0.0,0.0,0.0,0.42084372,0.0,0.0,0.0,0.0,0.29283372,0.0,0.0,0.0,0.0,0.0,0.15737417,0.0,0.0,0.0,0.049841058,0.0,0.0,0.15742764,0.41938737,0.37159243,0.0,0.0
0.45719212,0.0,0.0,0.5352417,0.0,0.17917454,0.0,0.0,0.0,0.45594925,0.0,0.0,0.0,0.0,0.3283618,0.0,0.0,0.0,0.0,0.0,0.1871551,0.0,0.0,0.0,0.033232737,0.0,0.0,0.17677411,0.46615952,0.4496749,0.0,0.0
0.41674036,0.0,0.0,0.51631486,0.0,0.19741316,0.0,0.0,0.0,0.47100988,0.0,0.0,0.0,0.0,0.3199759,0.0,0.0,0.0,0.0,0.0,0.15370275,0.0,0.0,0.0,0.039966855,0.0,0.0,0.156898,0.45955336,0.40690687,0.0,0.0
0.45181862,0.0,0.0,0.5376397,0.0,0.20201932,0.0,0.0,0.0,0.49172875,0.0,0.0,0.0,0.0,0.33199427,0.0,0.0,0.0,0.0,0.0,0.17597598,0.0,0.0,0.0,0.009361774,0.0,0.0,0.17630753,0.45770377,0.3648368,0.0,0.0
0.6068363,0.0,0.0,0.6572193,0.0,0.19645195,0.0,0.0,0.0,0.58802015,0.0,0.0,0.0,0.0,0.45414966,0.0,0.0,0.0,0.0,0.0,0.26548874,0.0,0.0,0.0,0.0,0.0,0.0,0.21962728,0.5294902,0.5814578,0.0,0.0
0.0,0.0,0.31296465,0.0,0.0,0.0,0.0,0.37435526,0.38633394,0.0,0.0,0.46447742,0.0,0.9389652,0.0,0.0,0.0,0.0,0.0,0.0,0.0,0.23260587,0.21980578,0.0,0.0,0.33076674,0.0,0.0,0.0,0.0,0.0,0.0
0.36947617,0.0,0.0,0.4448526,0.0,0.16360015,0.0,0.0,0.0,0.39860424,0.0,0.0,0.0,0.0,0.28181714,0.0,0.0,0.0,0.0,0.0,0.11997518,0.0,0.0,0.0,0.04767172,0.0,0.0,0.14118761,0.39506063,0.40276486,0.0,0.0
0.11724623,0.0,0.0,0.034754798,0.13898724,0.0,0.0,0.0,0.0,0.0,0.0,0.0,0.0,0.0,0.10064797,0.0,0.11910094,0.0,0.0,0.21169475,0.13672115,0.0,0.0,0.11630528,0.08467214,0.0,0.00085541606,0.08848444,0.014274973,0.59086037,0.042933512,0.69210386
1.4219798,0.0,0.0,1.3813177,0.0,0.5703675,0.0,0.0,0.0,1.4272147,0.0,0.0,0.0,0.0,1.3733644,0.0,0.0,0.0,0.0,0.0,0.7966902,0.0,0.0,0.0,0.0,0.0,0.0,0.3170413,1.2482791,0.7759912,0.0,0.0
0.30368733,0.0,0.0,0.34354174,0.0,0.10029507,0.0,0.0,0.0,0.28440237,0.0,0.0,0.0,0.0,0.2232824,0.0,0.0,0.0,0.0,0.014831863,0.11657642,0.0,0.0,0.0,0.114789225,0.0,0.0,0.1303003,0.33436602,0.42490518,0.0,0.093121424
0.25876254,0.0,0.0,0.31313694,0.0,0.12090643,0.0,0.0,0.0,0.28288323,0.0,0.0,0.0,0.0,0.21840078,0.0,0.0,0.0,0.0,0.0,0.066940114,0.0,0.0,0.0,0.022625545,0.0,0.0,0.109453484,0.27690881,0.20679614,0.0,0.0
1.1895928,0.0,0.0,1.2605412,0.0,0.38636464,0.0,0.0,0.0,1.196003,0.0,0.0,0.0,0.0,0.98520887,0.0,0.0,0.0,0.0,0.0,0.5720277,0.0,0.0,0.0,0.0,0.0,0.0,0.3317975,0.9738562,0.8300583,0.0,0.0
0.45917606,0.0,0.0,0.5544377,0.0,0.20041735,0.0,0.0,0.0,0.5083031,0.0,0.0,0.0,0.0,0.35788807,0.0,0.0,0.0,0.0,0.0,0.18194816,0.0,0.0,0.0,0.0,0.0,0.0,0.17549743,0.4728982,0.4124918,0.0,0.0
0.11636242,0.0,0.0,0.042654373,0.068391725,0.0,0.0,0.0,0.0,0.0,0.0,0.0,0.0,0.0,0.113010906,0.0,0.05506044,0.0,0.0,0.20043963,0.09865856,0.0,0.0,0.10941563,0.09684576,0.0,0.0,0.10793337,0.07631581,0.51371765,0.0,0.560467
0.45368925,0.0,0.0,0.5426023,0.0,0.19109476,0.0,0.0,0.0,0.484302,0.0,0.0,0.0,0.0,0.3493842,0.0,0.0,0.0,0.0,0.0,0.17596777,0.0,0.0,0.0,0.0,0.0,0.0,0.16464205,0.4530196,0.38444215,0.0,0.0
1.4099075,0.0,0.0,1.3960047,0.0,0.5564825,0.0,0.0,0.0,1.4101725,0.0,0.0,0.0,0.0,1.3067712,0.0,0.0,0.0,0.0,0.0,0.76698697,0.0,0.0,0.0,0.0,0.0,0.0,0.33054966,1.2225893,0.7819908,0.0,0.0
0.3994016,0.0,0.0,0.4865222,0.0,0.16560055,0.0,0.0,0.0,0.42849502,0.0,0.0,0.0,0.0,0.3131099,0.0,0.0,0.0,0.0,0.0,0.14044902,0.0,0.0,0.0,0.008799646,0.0,0.0,0.13964322,0.40721607,0.36532953,0.0,0.0
0.50614434,0.0,0.0,0.5927492,0.0,0.22373809,0.0,0.0,0.0,0.5382534,0.0,0.0,0.0,0.0,0.3858668,0.0,0.0,0.0,0.0,0.0,0.19740862,0.0,0.0,0.0,0.0,0.0,0.0,0.18953334,0.47941658,0.39285856,0.0,0.0
0.39183855,0.0,0.0,0.45318657,0.0,0.13266066,0.0,0.0,0.0,0.3948163,0.0,0.0,0.0,0.0,0.3134195,0.0,0.0,0.0,0.0,0.0,0.16507524,0.0,0.0,0.0,0.01533081,0.0,0.0,0.16300133,0.37559456,0.42240444,0.0,0.0016011223
0.1183192,0.0,0.0,0.040639088,0.090797715,0.0,0.0,0.0,0.0,0.0,0.0,0.0,0.0,0.0,0.10700926,0.0,0.07904569,0.0,0.0,0.2071456,0.11649224,0.0,0.0,0.10747282,0.09440416,0.0,0.0,0.103873245,0.051389955,0.5430855,0.0,0.61500555
0.0,0.0,0.36302146,0.0,0.0,0.0,0.0,0.445845,0.46874642,0.0,0.0,0.53100055,0.0,1.0802907,0.0,0.0,0.0,0.0,0.0,0.0,0.0,0.2563288,0.26492378,0.0,0.0,0.39420217,0.0,0.0,0.0,0.0,0.0,0.0
0.49232072,0.0,0.0,0.5701583,0.0,0.1853112,0.0,0.0,0.0,0.5158183,0.0,0.0,0.0,0.0,0.36824384,0.0,0.0,0.0,0.0,0.0,0.20395231,0.0,0.0,0.0,0.0071282163,0.0,0.0,0.18265562,0.47748968,0.47242236,0.0,0.0
0.0,0.0,0.0,0.0,2.5106418,0.0,0.0,0.0,0.0,0.0,0.0,0.0,0.0,0.0,0.0,0.0,1.8546739,0.79982287,0.0,0.5704005,0.58857846,0.0,0.0,0.03907723,0.12832719,0.0,1.6058952,0.0,0.0,1.4586391,0.77513736,2.3429072
0.0,0.0,0.32334444,0.0,0.0,0.0,0.0,0.3917467,0.404773,0.0,0.0,0.47940713,0.0,0.97455215,0.0,0.0,0.0,0.0,0.0,0.0,0.0,0.23864125,0.23089877,0.0,0.0,0.34807605,0.0,0.0,0.0,0.0,0.0,0.0
0.42947504,0.0,0.0,0.50493824,0.0,0.16786373,0.0,0.0,0.0,0.45396423,0.0,0.0,0.0,0.0,0.34321812,0.0,0.0,0.0,0.0,0.0,0.16884339,0.0,0.0,0.0,0.0053902045,0.0,0.0,0.16341296,0.42613137,0.4156368,0.0,0.0
0.0,0.0,0.0,0.0,2.7567744,0.0,0.0,0.0,0.0,0.0,0.0,0.0,0.0,0.0,0.0,0.0,2.030531,0.906496,0.0,0.62646747,0.63037777,0.0,0.0,0.04306376,0.123060636,0.0,1.7684618,0.0,0.0,1.5604247,0.8091999,2.4994206
0.10616283,0.0,0.0,0.041192282,0.09146707,0.0,0.0,0.0,0.0,0.0,0.0,0.0,0.0,0.0,0.10690834,0.0,0.07992966,0.0,0.0,0.20252737,0.110062286,0.0,0.0,0.10896499,0.09614201,0.0,0.0,0.102775335,0.06017851,0.52926236,0.0,0.59489477
0.4632855,0.0,0.0,0.5475865,0.0,0.21045484,0.0,0.0,0.0,0.4924449,0.0,0.0,0.0,0.0,0.31067896,0.0,0.0,0.0,0.0,0.0,0.18507944,0.0,0.0,0.0,0.012306694,0.0,0.0,0.18142681,0.45772132,0.31071615,0.0,0.0
0.29484716,0.0,0.0,0.34911162,0.0,0.118762195,0.0,0.0,0.0,0.30215108,0.0,0.0,0.0,0.0,0.22774297,0.0,0.0,0.0,0.0,0.0,0.11126278,0.0,0.0,0.0,0.12701613,0.0,0.0,0.12640075,0.3568581,0.4222473,0.0,0.0725798
0.54402566,0.0,0.0,0.6334925,0.0,0.2145759,0.0,0.0,0.0,0.59287405,0.0,0.0,0.0,0.0,0.43762636,0.0,0.0,0.0,0.0,0.0,0.22042596,0.0,0.0,0.0,0.0,0.0,0.0,0.19767405,0.5027072,0.45018226,0.0,0.0
0.0,0.0,0.33057326,0.0,0.0,0.0,0.0,0.3972286,0.416458,0.0,0.0,0.48435766,0.0,1.0065953,0.0,0.0,0.0,0.0,0.0,0.0,0.0,0.25287682,0.23978686,0.0,0.0,0.36414123,0.0,0.0,0.0,0.0,0.0,0.0
0.0,0.0,0.0,0.0,2.968062,0.0,0.0,0.0,0.0,0.0,0.0,0.0,0.0,0.0,0.0,0.0,2.1657372,0.9931011,0.0,0.64151007,0.64877236,0.0,0.0,0.05404354,0.11382803,0.0,1.9401221,0.0,0.0,1.6930038,0.8645439,2.689103
0.0,0.0,0.31513643,0.0,0.0,0.0,0.0,0.0,0.0,0.0,0.0,0.0,0.0,0.4903193,0.0,0.0,0.0,0.2022852,0.0,0.0,0.0,0.84851646,0.0,0.0,0.0,0.0,0.0,0.0,0.0,0.0,0.0,0.0
0.3947531,0.0,0.0,0.44734997,0.0,0.130233,0.0,0.0,0.0,0.39223793,0.0,0.0,0.0,0.0,0.28980538,0.0,0.0,0.0,0.0,0.0,0.14810592,0.0,0.0,0.0,0.048055843,0.0,0.0,0.14668125,0.37690374,0.42587343,0.0,0.0
0.09943164,0.0,0.0,0.045157343,0.092010856,0.0,0.0,0.0,0.0,0.0,0.0,0.0,0.0,0.0,0.100758106,0.0,0.082814395,0.0,0.0,0.19253771,0.09921117,0.0,0.0,0.11387428,0.09193594,0.0,0.0,0.10187839,0.05956666,0.49568096,0.0,0.5633924
0.54960495,0.0,0.0,0.62946033,0.0,0.23215027,0.0,0.0,0.0,0.5761585,0.0,0.0,0.0,0.0,0.41744575,0.0,0.0,0.0,0.0,0.0,0.2170611,0.0,0.0,0.0,0.0,0.0,0.0,0.1981419,0.50096816,0.40489107,0.0,0.0
0.59064335,0.0,0.0,0.6448769,0.0,0.19449608,0.0,0.0,0.0,0.55358106,0.0,0.0,0.0,0.0,0.4325298,0.0,0.0,0.0,0.0,0.0,0.25179642,0.0,0.0,0.0,0.0,0.0,0.0,0.21292324,0.52094036,0.560397,0.0,0.0
1.4922525,0.0,0.0,1.4434875,0.0,0.60222787,0.0,0.0,0.0,1.4981408,0.0,0.0,0.0,0.0,1.4527823,0.0,0.0,0.0,0.0,0.0,0.84637535,0.0,0.0,0.0,0.0,0.0,0.0,0.32678574,1.3062133,0.80188316,0.0,0.0
0.0,0.0,0.77809715,0.0,0.0,0.0,0.0,1.0050621,1.6380025,0.0,0.0,1.3402613,0.0,2.1268167,0.0,0.0,0.0,0.0,0.0,0.0,0.0,0.93993384,0.9989258,0.0,0.0,0.98356193,0.0,0.0,0.0,0.0,0.0,0.0
0.122724436,0.0,0.0,0.04641961,0.070109785,0.0,0.0,0.0,0.0,0.0,0.0,0.0,0.0,0.0,0.11090925,0.0,0.052467715,0.0,0.0,0.2009018,0.10237615,0.0,0.0,0.11430047,0.09142108,0.0,0.0,0.10365261,0.06740569,0.52174115,0.0,0.5795937
0.5139704,0.0,0.0,0.5998321,0.0,0.22554396,0.0,0.0,0.0,0.54170567,0.0,0.0,0.0,0.0,0.38923025,0.0,0.0,0.0,0.0,0.0,0.20295075,0.0,0.0,0.0,0.0,0.0,0.0,0.190039,0.48667976,0.39355814,0.0,0.0
0.850767,0.0,0.0,0.9349898,0.0,0.28302872,0.0,0.0,0.0,0.88709515,0.0,0.0,0.0,0.0,0.67888355,0.0,0.0,0.0,0.0,0.0,0.3874924,0.0,0.0,0.0,0.0,0.0,0.0,0.2636271,0.72322017,0.6537157,0.0,0.0
0.13624355,0.0,0.0,0.046202943,0.063596874,0.0,0.0,0.0,0.0,0.0,0.0,0.0,0.0,0.0,0.10885945,0.0,0.043354996,0.0,0.0,0.20706937,0.0971681,0.0,0.0,0.1044178,0.09301168,0.0,0.0,0.11121599,0.06767618,0.51512116,0.0,0.563559
0.0,0.0,0.32323092,0.0,0.0,0.0,0.0,0.38470215,0.39698225,0.0,0.0,0.47258276,0.0,0.9603418,0.0,0.0,0.0,0.0,0.0,0.0,0.0,0.24159503,0.2273975,0.0,0.0,0.33858567,0.0,0.0,0.0,0.0,0.0,0.0
0.0,0.0,0.3712228,0.0,0.0,0.0,0.0,0.45300227,0.50468576,0.0,0.0,0.60172474,0.0,1.036583,0.0,0.0,0.0,0.0,0.0,0.0,0.0,0.2020309,0.28866908,0.0,0.0,0.3801728,0.0,0.0,0.0,0.0,0.0,0.0
0.0,0.0,0.36212975,0.0,0.0,0.0,0.0,0.4415847,0.49555236,0.0,0.0,0.5771119,0.0,1.013426,0.0,0.0,0.0,0.0,0.0,0.0,0.0,0.18908086,0.26556957,0.0,0.0,0.3627814,0.0,0.0,0.0,0.0,0.0,0.0
0.4140295,0.0,0.0,0.48402137,0.0,0.16714685,0.0,0.0,0.0,0.43054155,0.0,0.0,0.0,0.0,0.33449802,0.0,0.0,0.0,0.0,0.0,0.16997896,0.0,0.0,0.0,0.011372346,0.0,0.0,0.17461121,0.41718063,0.4347545,0.0,0.0
0.0,0.0,0.0,0.0,2.7018204,0.0,0.0,0.0,0.0,0.0,0.0,0.0,0.0,0.0,0.0,0.0,1.995167,0.88266426,0.0,0.60035443,0.62084174,0.0,0.0,0.04410901,0.12310324,0.0,1.7453251,0.0,0.0,1.5653294,0.8102385,2.4955375
0.53241515,0.0,0.0,0.61191654,0.0,0.23686607,0.0,0.0,0.0,0.55170536,0.0,0.0,0.0,0.0,0.39059708,0.0,0.0,0.0,0.0,0.0,0.2116529,0.0,0.0,0.0,0.0,0.0,0.0,0.19799602,0.49630934,0.3710625,0.0,0.0
0.36031607,0.0,0.0,0.4160217,0.0,0.124765694,0.0,0.0,0.0,0.3642759,0.0,0.0,0.0,0.0,0.26291943,0.0,0.0,0.0,0.0,0.0,0.13128527,0.0,0.0,0.0,0.07912303,0.0,0.0,0.13666466,0.36809197,0.4094826,0.0,0.0014540702
0.39959627,0.0,0.0,0.4951418,0.0,0.18501501,0.0,0.0,0.0,0.4452068,0.0,0.0,0.0,0.0,0.291918,0.0,0.0,0.0,0.0,0.0,0.15291888,0.0,0.0,0.0,0.04212157,0.0,0.0,0.16126537,0.435353,0.35683686,0.0,0.0
0.51514757,0.0,0.0,0.59769624,0.0,0.21031182,0.0,0.0,0.0,0.5605379,0.0,0.0,0.0,0.0,0.400477,0.0,0.0,0.0,0.0,0.0,0.20833686,0.0,0.0,0.0,0.0,0.0,0.0,0.19306321,0.48800185,0.40657216,0.0,0.0
0.117093466,0.0,0.0,0.033840343,0.1494011,0.0,0.0,0.0,0.0,0.0,0.0,0.0,0.0,0.0,0.09960723,0.0,0.12720807,0.0,0.0,0.21484578,0.14633553,0.0,0.0,0.11445663,0.08180857,0.0,0.015759364,0.088117026,0.0072859647,0.6097852,0.055221613,0.71812624
0.0,0.0,0.7071394,0.0,0.0,0.0,0.0,0.900135,1.4234738,0.0,0.0,1.1896118,0.0,1.9169741,0.0,0.0,0.0,0.0,0.0,0.0,0.0,0.8014131,0.8763386,0.0,0.0,0.8754622,0.0,0.0,0.0,0.0,0.0,0.0
0.0,0.0,0.37145093,0.0,0.0,0.0,0.0,0.45163608,0.49917507,0.0,0.0,0.59684014,0.0,1.0363375,0.0,0.0,0.0,0.0,0.0,0.0,0.0,0.19668794,0.27651986,0.0,0.0,0.38041055,0.0,0.0,0.0,0.0,0.0,0.0
0.43824053,0.0,0.0,0.5234142,0.0,0.19536106,0.0,0.0,0.0,0.47166783,0.0,0.0,0.0,0.0,0.29919145,0.0,0.0,0.0,0.0,0.0,0.1675187,0.0,0.0,0.0,0.0325528,0.0,0.0,0.16702956,0.447268,0.3351364,0.0,0.0
0.0,0.0,0.6768682,0.0,0.0,0.0,0.0,0.8522072,1.3012255,0.0,0.0,1.1349268,0.0,1.834257,0.0,0.0,0.0,0.0,0.0,0.0,0.0,0.68638563,0.8217634,0.0,0.0,0.82499313,0.0,0.0,0.0,0.0,0.0,0.0
0.48114094,0.0,0.0,0.56108314,0.0,0.18646374,0.0,0.0,0.0,0.5069294,0.0,0.0,0.0,0.0,0.3609441,0.0,0.0,0.0,0.0,0.0,0.19681132,0.0,0.0,0.0,0.008979723,0.0,0.0,0.18067199,0.4715841,0.46317828,0.0,0.0
0.17470995,0.0,0.0,0.2314508,0.0,0.09959184,0.0,0.0,0.0,0.20804195,0.0,0.0,0.0,0.0,0.17932063,0.0,0.0,0.0,0.0,0.0,0.051723324,0.0,0.0,0.0,0.08709152,0.0,0.0,0.093800515,0.26074892,0.26301035,0.0,0.103437945
0.0,0.0,0.0,0.0,2.7703495,0.0,0.0,0.0,0.0,0.0,0.0,0.0,0.0,0.0,0.0,0.0,2.0352654,0.91032547,0.0,0.6177576,0.6228359,0.0,0.0,0.051283866,0.12153215,0.0,1.7987816,0.0,0.0,1.602922,0.82819295,2.5528753
1.3438206,0.0,0.0,1.3258886,0.0,0.53195626,0.0,0.0,0.0,1.3855623,0.0,0.0,0.0,0.0,1.2486042,0.0,0.0,0.0,0.0,0.0,0.7351538,0.0,0.0,0.0,0.0,0.0,0.0,0.29942477,1.1923808,0.7433751,0.0,0.0
1.3337976,0.0,0.0,1.296043,0.0,0.5335822,0.0,0.0,0.0,1.3630244,0.0,0.0,0.0,0.0,1.2635124,0.0,0.0,0.0,0.0,0.0,0.73398185,0.0,0.0,0.0,0.0,0.0,0.0,0.30049196,1.1753923,0.713746,0.0,0.0
0.0,0.0,0.0,0.0,2.8287134,0.0,0.0,0.0,0.0,0.0,0.0,0.0,0.0,0.0,0.0,0.0,2.0795877,0.9372667,0.0,0.6158201,0.63686824,0.0,0.0,0.051487714,0.11619441,0.0,1.8441608,0.0,0.0,1.6238703,0.82495487,2.5839279
0.1298222,0.0,0.0,0.04386626,0.08482816,0.0,0.0,0.0,0.0,0.0,0.0,0.0,0.0,0.0,0.10483819,0.0,0.06695609,0.0,0.0,0.20918238,0.10948934,0.0,0.0,0.10983743,0.09231268,0.0,0.0,0.106505446,0.05149121,0.537745,0.0,0.6050309
0.23528317,0.0,0.0,0.28257924,0.0,0.10222259,0.0,0.0,0.0,0.2480474,0.0,0.0,0.0,0.0,0.21236813,0.0,0.0,0.0,0.0,0.0,0.07436034,0.0,0.0,0.0,0.039217886,0.0,0.0,0.11398703,0.26570415,0.27288228,0.0,0.067132086
1.2880226,0.0,0.0,1.3444158,0.0,0.45026904,0.0,0.0,0.0,1.2723113,0.0,0.0,0.0,0.0,1.0921575,0.0,0.0,0.0,0.0,0.0,0.6577741,0.0,0.0,0.0,0.0,0.0,0.0,0.34364158,1.0857264,0.8286577,0.0,0.0
1.2439067,0.0,0.0,1.3135988,0.0,0.4034965,0.0,0.0,0.0,1.2572658,0.0,0.0,0.0,0.0,1.042677,0.0,0.0,0.0,0.0,0.0,0.6031256,0.0,0.0,0.0,0.0,0.0,0.0,0.3431051,1.017498,0.8667048,0.0,0.0
0.5232793,0.0,0.0,0.6067309,0.0,0.22897755,0.0,0.0,0.0,0.5589865,0.0,0.0,0.0,0.0,0.37601104,0.0,0.0,0.0,0.0,0.0,0.2145651,0.0,0.0,0.0,0.0,0.0,0.0,0.20015812,0.4991447,0.37032732,0.0,0.0
0.24911556,0.0,0.0,0.30536243,0.0,0.112953946,0.0,0.0,0.0,0.27688867,0.0,0.0,0.0,0.0,0.22162905,0.0,0.0,0.0,0.0,0.0,0.062220037,0.0,0.0,0.0,0.019037783,0.0,0.0,0.10541975,0.2696643,0.21870032,0.0,0.0
1.4407492,0.0,0.0,1.3959116,0.0,0.580253,0.0,0.0,0.0,1.4455339,0.0,0.0,0.0,0.0,1.3980278,0.0,0.0,0.0,0.0,0.0,0.81189966,0.0,0.0,0.0,0.0,0.0,0.0,0.31825784,1.2658855,0.7820405,0.0,0.0
1.371545,0.0,0.0,1.3384002,0.0,0.54102355,0.0,0.0,0.0,1.3817251,0.0,0.0,0.0,0.0,1.3081775,0.0,0.0,0.0,0.0,0.0,0.7665043,0.0,0.0,0.0,0.0,0.0,0.0,0.30265903,1.2017167,0.74598944,0.0,0.0
0.3551891,0.0,0.0,0.4043557,0.0,0.12235844,0.0,0.0,0.0,0.34589761,0.0,0.0,0.0,0.0,0.25821757,0.0,0.0,0.0,0.0,0.0,0.13662484,0.0,0.0,0.0,0.080991946,0.0,0.0,0.14457917,0.3635895,0.43068787,0.0,0.03427376
0.0,0.0,0.2717194,0.0,0.0,0.0,0.0,0.0,0.0,0.0,0.0,0.0,0.0,0.3861344,0.0,0.0,0.0,0.16793771,0.0,0.0,0.0,0.6709203,0.0,0.0,0.0,0.0,0.0,0.0,0.0,0.0,0.0,0.0
0.0,0.0,0.0,0.0,2.8751724,0.0,0.0,0.0,0.0,0.0,0.0,0.0,0.0,0.0,0.0,0.0,2.0948474,0.9625498,0.0,0.6133168,0.6252295,0.0,0.0,0.059838235,0.10889067,0.0,1.8822424,0.0,0.0,1.6289314,0.819791,2.5838954
0.0,0.0,0.29344082,0.0,0.0,0.0,0.0,0.0,0.0,0.0,0.0,0.0,0.0,0.45726973,0.0,0.0,0.0,0.20160227,0.0,0.0,0.0,0.7871463,0.0,0.0,0.0,0.0,0.0,0.0,0.0,0.0,0.0,0.0
0.5371719,0.0,0.0,0.62469476,0.0,0.21991141,0.0,0.0,0.0,0.5802305,0.0,0.0,0.0,0.0,0.40885392,0.0,0.0,0.0,0.0,0.0,0.21705711,0.0,0.0,0.0,0.0,0.0,0.0,0.19697094,0.50407785,0.42579448,0.0,0.0
0.41370758,0.0,0.0,0.5025997,0.0,0.1640772,0.0,0.0,0.0,0.4621088,0.0,0.0,0.0,0.0,0.32308498,0.0,0.0,0.0,0.0,0.0,0.16225696,0.0,0.0,0.0,0.013879254,0.0,0.0,0.15717945,0.4190068,0.3636344,0.0,0.0
1.35625,0.0,0.0,1.3479028,0.0,0.53137654,0.0,0.0,0.0,1.3678888,0.0,0.0,0.0,0.0,1.2551602,0.0,0.0,0.0,0.0,0.0,0.747615,0.0,0.0,0.0,0.0,0.0,0.0,0.31870148,1.1880976,0.74060494,0.0,0.0
0.25134504,0.0,0.0,0.3001954,0.0,0.11689451,0.0,0.0,0.0,0.27282453,0.0,0.0,0.0,0.0,0.22184959,0.0,0.0,0.0,0.0,0.0,0.06728177,0.0,0.0,0.0,0.015841495,0.0,0.0,0.11536753,0.26986548,0.22559272,0.0,0.0
0.38320658,0.0,0.0,0.47248447,0.0,0.17424108,0.0,0.0,0.0,0.41476977,0.0,0.0,0.0,0.0,0.2683854,0.0,0.0,0.0,0.0,0.0,0.14055833,0.0,0.0,0.0,0.046164922,0.0,0.0,0.15326592,0.40829602,0.31834468,0.0,0.0
1.4227008,0.0,0.0,1.3980097,0.0,0.56414485,0.0,0.0,0.0,1.4313146,0.0,0.0,0.0,0.0,1.333352,0.0,0.0,0.0,0.0,0.0,0.7853,0.0,0.0,0.0,0.0,0.0,0.0,0.32375464,1.2430091,0.77781224,0.0,0.0
0.3340439,0.0,0.0,0.38138974,0.0,0.11793858,0.0,0.0,0.0,0.32553843,0.0,0.0,0.0,0.0,0.24386883,0.0,0.0,0.0,0.0,0.0,0.13116962,0.0,0.0,0.0,0.10305239,0.0,0.0,0.14298107,0.35936046,0.432787,0.0,0.05397764
1.4308976,0.0,0.0,1.4123316,0.0,0.56519455,0.0,0.0,0.0,1.4289011,0.0,0.0,0.0,0.0,1.3366342,0.0,0.0,0.0,0.0,0.0,0.7856419,0.0,0.0,0.0,0.0,0.0,0.0,0.33103544,1.2441952,0.7948137,0.0,0.0
0.0,0.0,0.3003672,0.0,0.0,0.0,0.0,0.34245914,0.36297208,0.0,0.0,0.4331634,0.0,0.92344767,0.0,0.0,0.0,0.0,0.0,0.0,0.0,0.25241506,0.20987403,0.0,0.0,0.32522702,0.0,0.0,0.0,0.0,0.0,0.0
0.56378573,0.0,0.0,0.6442946,0.0,0.21924837,0.0,0.0,0.0,0.60544604,0.0,0.0,0.0,0.0,0.43336478,0.0,0.0,0.0,0.0,0.0,0.22994518,0.0,0.0,0.0,0.0,0.0,0.0,0.19974831,0.51603377,0.43320858,0.0,0.0
0.4399825,0.0,0.0,0.5308928,0.0,0.19294824,0.0,0.0,0.0,0.47716504,0.0,0.0,0.0,0.0,0.33067533,0.0,0.0,0.0,0.0,0.0,0.16865592,0.0,0.0,0.0,0.00561665,0.0,0.0,0.17123285,0.44779053,0.37545386,0.0,0.0
1.2055371,0.0,0.0,1.2809924,0.0,0.38972414,0.0,0.0,0.0,1.2258494,0.0,0.0,0.0,0.0,1.0060099,0.0,0.0,0.0,0.0,0.0,0.58387935,0.0,0.0,0.0,0.0,0.0,0.0,0.3404206,0.99361116,0.8640785,0.0,0.0
0.6213549,0.0,0.0,0.67513657,0.0,0.20303853,0.0,0.0,0.0,0.6058587,0.0,0.0,0.0,0.0,0.46664333,0.0,0.0,0.0,0.0,0.0,0.26443166,0.0,0.0,0.0,0.0,0.0,0.0,0.21987015,0.52745914,0.5717876,0.0,0.0
0.0,0.0,0.33269957,0.0,0.0,0.0,0.0,0.40713608,0.4188273,0.0,0.0,0.49105728,0.0,0.9965985,0.0,0.0,0.0,0.0,0.0,0.0,0.0,0.23895487,0.23746276,0.0,0.0,0.3559996,0.0,0.0,0.0,0.0,0.0,0.0
0.102896065,0.0,0.0,0.035099216,0.18901646,0.0,0.0,0.0,0.0,0.0,0.0,0.0,0.0,0.0,0.0952763,0.0,0.15459976,0.0085569825,0.0,0.2180093,0.16207975,0.0,0.0,0.111443594,0.07195704,0.0,0.050770923,0.07933153,0.0,0.62871844,0.09523465,0.7592922
0.0,0.0,0.33902904,0.0,0.0,0.0,0.0,0.41926926,0.440782,0.0,0.0,0.51110536,0.0,1.0469159,0.0,0.0,0.0,0.0,0.0,0.0,0.0,0.25703695,0.25752538,0.0,0.0,0.38930118,0.0,0.0,0.0,0.0,0.0,0.0
0.30124933,0.0,0.0,0.35390592,0.0,0.13606755,0.0,0.0,0.0,0.3256509,0.0,0.0,0.0,0.0,0.25298545,0.0,0.0,0.0,0.0,0.0,0.085288465,0.0,0.0,0.0,0.0,0.0,0.0,0.12750429,0.30116123,0.21527599,0.0,0.0
0.0,0.0,0.80574125,0.0,0.0,0.0,0.0,1.034036,1.7063038,0.0,0.0,1.3807405,0.0,2.190666,0.0,0.0,0.0,0.0,0.0,0.0,0.0,0.979082,1.0395957,0.0,0.0,1.0180397,0.0,0.0,0.0,0.0,0.0,0.0
0.50614434,0.0,0.0,0.5927492,0.0,0.22373809,0.0,0.0,0.0,0.5382534,0.0,0.0,0.0,0.0,0.3858668,0.0,0.0,0.0,0.0,0.0,0.19740862,0.0,0.0,0.0,0.0,0.0,0.0,0.18953334,0.47941658,0.39285856,0.0,0.0
0.0,0.0,0.27256158,0.0,0.0,0.0,0.0,0.0,0.0,0.0,0.0,0.0,0.0,0.3875324,0.0,0.0,0.0,0.16859324,0.0,0.0,0.0,0.6725546,0.0,0.0,0.0,0.0,0.0,0.0,0.0,0.0,0.0,0.0
0.3900774,0.0,0.0,0.451239,0.0,0.13227002,0.0,0.0,0.0,0.39278466,0.0,0.0,0.0,0.0,0.31191137,0.0,0.0,0.0,0.0,0.0,0.16420957,0.0,0.0,0.0,0.01638132,0.0,0.0,0.1627374,0.37460056,0.42200553,0.0,0.0032147765
0.43454015,0.0,0.0,0.5245826,0.0,0.19108634,0.0,0.0,0.0,0.471735,0.0,0.0,0.0,0.0,0.308571,0.0,0.0,0.0,0.0,0.0,0.16583934,0.0,0.0,0.0,0.027009591,0.0,0.0,0.16524214,0.44674668,0.3565871,0.0,0.0
0.41110688,0.0,0.0,0.49701613,0.0,0.16848344,0.0,0.0,0.0,0.44838315,0.0,0.0,0.0,0.0,0.30490404,0.0,0.0,0.0,0.0,0.0,0.16098748,0.0,0.0,0.0,0.020335797,0.0,0.0,0.15843485,0.4168224,0.33059686,0.0,0.0
0.10573266,0.0,0.0,0.038693577,0.10602269,0.0,0.0,0.0,0.0,0.0,0.0,0.0,0.0,0.0,0.107098006,0.0,0.094017446,0.0,0.0,0.20688438,0.116953194,0.0,0.0,0.1123551,0.09929846,0.0,0.0,0.09535779,0.05429537,0.55554575,0.0,0.6276451
0.0,0.0,0.76912355,0.0,0.0,0.0,0.0,0.9954656,1.6079482,0.0,0.0,1.3069599,0.0,2.1010878,0.0,0.0,0.0,0.0,0.0,0.0,0.0,0.9071091,0.9740056,0.0,0.0,0.9633346,0.0,0.0,0.0,0.0,0.0,0.0
0.76719254,0.0,0.0,0.86008024,0.0,0.26884246,0.0,0.0,0.0,0.8168562,0.0,0.0,0.0,0.0,0.61534774,0.0,0.0,0.0,0.0,0.0,0.34385237,0.0,0.0,0.0,0.0,0.0,0.0,0.24167421,0.6875873,0.6484142,0.0,0.0
0.088869326,0.0,0.0,0.04099291,0.18095362,0.0,0.0,0.0,0.0,0.0,0.0,0.0,0.0,0.0,0.09281891,0.0,0.14544794,0.012487914,0.0,0.20519453,0.14358021,0.0,0.0,0.1120307,0.072200164,0.0,0.030518055,0.08069871,0.0,0.5707706,0.06891376,0.6936506
0.4140295,0.0,0.0,0.48402137,0.0,0.16714685,0.0,0.0,0.0,0.43054155,0.0,0.0,0.0,0.0,0.33449802,0.0,0.0,0.0,0.0,0.0,0.16997896,0.0,0.0,0.0,0.011372346,0.0,0.0,0.17461121,0.41718063,0.4347545,0.0,0.0
0.0,0.0,0.0,0.0,3.0746384,0.0,0.0,0.0,0.0,0.0,0.0,0.0,0.0,0.0,0.0,0.0,2.2186182,1.0439291,0.0,0.65267634,0.6521932,0.0,0.0,0.06077233,0.10465942,0.0,2.0146477,0.0,0.0,1.7371814,0.8708183,2.7456028
0.2625064,0.0,0.0,0.32014525,0.0,0.10727759,0.0,0.0,0.0,0.2810056,0.0,0.0,0.0,0.0,0.22782537,0.0,0.0,0.0,0.0,0.0,0.07978569,0.0,0.0,0.0,0.017623696,0.0,0.0,0.11356208,0.27417323,0.25798988,0.0,0.021598198
0.0,0.0,0.0,0.0,2.741065,0.0,0.0,0.0,0.0,0.0,0.0,0.0,0.0,0.0,0.0,0.0,2.0129468,0.89981794,0.0,0.60950756,0.6182941,0.0,0.0,0.05266217,0.123212025,0.0,1.7710915,0.0,0.0,1.5736066,0.8115911,2.511257
0.46634638,0.0,0.0,0.5544246,0.0,0.19641079,0.0,0.0,0.0,0.49938193,0.0,0.0,0.0,0.0,0.36133566,0.0,0.0,0.0,0.0,0.0,0.17587699,0.0,0.0,0.0,0.0,0.0,0.0,0.16938435,0.44246265,0.37506592,0.0,0.0
0.10496332,0.0,0.0,0.03388236,0.17146999,0.0,0.0,0.0,0.0,0.0,0.0,0.0,0.0,0.0,0.09815933,0.0,0.14123687,0.0017349981,0.0,0.21502343,0.15388016,0.0,0.0,0.10996644,0.0781102,0.0,0.0326761,0.084919065,0.0,0.6104821,0.07121238,0.7281021
0.54322773,0.0,0.0,0.6319565,0.0,0.21363758,0.0,0.0,0.0,0.5859852,0.0,0.0,0.0,0.0,0.43143064,0.0,0.0,0.0,0.0,0.0,0.22600988,0.0,0.0,0.0,0.0,0.0,0.0,0.1970756,0.5187769,0.46514732,0.0,0.0
0.46060413,0.0,0.0,0.53917193,0.0,0.20157035,0.0,0.0,0.0,0.48177963,0.0,0.0,0.0,0.0,0.27294198,0.0,0.0,0.0,0.0,0.0,0.16960086,0.0,0.0,0.0,0.04732332,0.0,0.0,0.17532673,0.44922316,0.31617525,0.0,0.0
0.0,0.0,0.36078137,0.0,0.0,0.0,0.0,0.43783975,0.48717737,0.0,0.0,0.58131474,0.0,1.0068276,0.0,0.0,0.0,0.0,0.0,0.0,0.0,0.19224274,0.26946083,0.0,0.0,0.3636657,0.0,0.0,0.0,0.0,0.0,0.0
0.8557035,0.0,0.0,0.9374324,0.0,0.29672593,0.0,0.0,0.0,0.88176996,0.0,0.0,0.0,0.0,0.67895734,0.0,0.0,0.0,0.0,0.0,0.38857043,0.0,0.0,0.0,0.0,0.0,0.0,0.2671383,0.7301562,0.63188136,0.0,0.0
0.0,0.0,0.2764255,0.0,0.0,0.0,0.0,0.0,0.0,0.0,0.0,0.0,0.0,0.39497948,0.0,0.0,0.0,0.17826237,0.0,0.0,0.0,0.68705463,0.0,0.0,0.0,0.0,0.0,0.0,0.0,0.0,0.0,0.0
1.2074827,0.0,0.0,1.2821074,0.0,0.38763064,0.0,0.0,0.0,1.2243038,0.0,0.0,0.0,0.0,1.0060506,0.0,0.0,0.0,0.0,0.0,0.5785525,0.0,0.0,0.0,0.0,0.0,0.0,0.33722088,0.98420006,0.8579123,0.0,0.0
0.0,0.0,0.34283262,0.0,0.0,0.0,0.0,0.42565602,0.44405812,0.0,0.0,0.51477134,0.0,1.0489414,0.0,0.0,0.0,0.0,0.0,0.0,0.0,0.25442415,0.256463,0.0,0.0,0.38770062,0.0,0.0,0.0,0.0,0.0,0.0
0.0,0.0,0.78172934,0.0,0.0,0.0,0.0,1.0126624,1.6492504,0.0,0.0,1.3543291,0.0,2.1423314,0.0,0.0,0.0,0.0,0.0,0.0,0.0,0.94560176,1.0096915,0.0,0.0,0.9934837,0.0,0.0,0.0,0.0,0.0,0.0
0.10529687,0.0,0.0,0.038544737,0.0976195,0.0,0.0,0.0,0.0,0.0,0.0,0.0,0.0,0.0,0.107322276,0.0,0.08757046,0.0,0.0,0.20530257,0.116779,0.0,0.0,0.110573374,0.09752619,0.0,0.0,0.101835474,0.059266604,0.55033624,0.0,0.6187942
1.3806744,0.0,0.0,1.3470757,0.0,0.5517961,0.0,0.0,0.0,1.3950915,0.0,0.0,0.0,0.0,1.3211639,0.0,0.0,0.0,0.0,0.0,0.7688608,0.0,0.0,0.0,0.0,0.0,0.0,0.310758,1.216504,0.75446796,0.0,0.0
0.0,0.0,0.35109952,0.0,0.0,0.0,0.0,0.42045838,0.46692044,0.0,0.0,0.5633983,0.0,0.9687781,0.0,0.0,0.0,0.0,0.0,0.0,0.0,0.19296053,0.2541495,0.0,0.0,0.34177452,0.0,0.0,0.0,0.0,0.0,0.0
0.65964496,0.0,0.0,0.7328875,0.0,0.2162054,0.0,0.0,0.0,0.66610193,0.0,0.0,0.0,0.0,0.5032455,0.0,0.0,0.0,0.0,0.0,0.27144045,0.0,0.0,0.0,0.0,0.0,0.0,0.21222612,0.5469906,0.5342924,0.0,0.0
0.0,0.0,0.3276857,0.0,0.0,0.0,0.0,0.38813472,0.41169214,0.0,0.0,0.48037636,0.0,0.9944932,0.0,0.0,0.0,0.0,0.0,0.0,0.0,0.25264543,0.2384021,0.0,0.0,0.3602144,0.0,0.0,0.0,0.0,0.0,0.0
1.2892467,0.0,0.0,1.3541056,0.0,0.42739546,0.0,0.0,0.0,1.2834135,0.0,0.0,0.0,0.0,1.0856794,0.0,0.0,0.0,0.0,0.0,0.6280571,0.0,0.0,0.0,0.0,0.0,0.0,0.3506835,1.0474159,0.87551826,0.0,0.0
0.34724417,0.0,0.0,0.40169513,0.0,0.1245476,0.0,0.0,0.0,0.3436074,0.0,0.0,0.0,0.0,0.2739248,0.0,0.0,0.0,0.0,0.0,0.14548498,0.0,0.0,0.0,0.046566643,0.0,0.0,0.1566164,0.35366204,0.41569754,0.0,0.044672884
1.3376164,0.0,0.0,1.3359331,0.0,0.5263541,0.0,0.0,0.0,1.3711637,0.0,0.0,0.0,0.0,1.2144617,0.0,0.0,0.0,0.0,0.0,0.7173846,0.0,0.0,0.0,0.0,0.0,0.0,0.31166407,1.1807222,0.7628712,0.0,0.0
0.0,0.0,0.33315274,0.0,0.0,0.0,0.0,0.39154512,0.41708046,0.0,0.0,0.4835801,0.0,1.0125009,0.0,0.0,0.0,0.0,0.0,0.0,0.0,0.26438856,0.24520764,0.0,0.0,0.369012,0.0,0.0,0.0,0.0,0.0,0.0
0.0,0.0,0.41229627,0.0,0.0,0.0,0.0,0.4980265,0.5554089,0.0,0.0,0.67393684,0.0,1.120959,0.0,0.0,0.0,0.0,0.0,0.0,0.0,0.2513965,0.32752797,0.0,0.0,0.4155252,0.0,0.0,0.0,0.0,0.0,0.0
0.09139581,0.0,0.0,0.03554137,0.14978534,0.0,0.0,0.0,0.0,0.0,0.0,0.0,0.0,0.0,0.1081618,0.0,0.12206738,0.00019970909,0.0,0.21518067,0.15084676,0.0,0.0,0.10583845,0.078966044,0.0,0.004773125,0.09449872,0.026128642,0.6137784,0.03481674,0.7078211
0.33762115,0.0,0.0,0.39158654,0.0,0.122415334,0.0,0.0,0.0,0.33448562,0.0,0.0,0.0,0.0,0.26674908,0.0,0.0,0.0,0.0,0.0,0.14280939,0.0,0.0,0.0,0.055257246,0.0,0.0,0.15548672,0.35062185,0.41344303,0.0,0.05218801
0.26225963,0.0,0.0,0.3190505,0.0,0.10651484,0.0,0.0,0.0,0.2797119,0.0,0.0,0.0,0.0,0.22644278,0.0,0.0,0.0,0.0,0.0,0.07934442,0.0,0.0,0.0,0.01870006,0.0,0.0,0.11353335,0.27321148,0.25831184,0.0,0.022347182
1.4309032,0.0,0.0,1.3951718,0.0,0.5654484,0.0,0.0,0.0,1.4450682,0.0,0.0,0.0,0.0,1.3722478,0.0,0.0,0.0,0.0,0.0,0.8033215,0.0,0.0,0.0,0.0,0.0,0.0,0.31290132,1.2539291,0.7767261,0.0,0.0
1.4021142,0.0,0.0,1.3886334,0.0,0.5534913,0.0,0.0,0.0,1.4037541,0.0,0.0,0.0,0.0,1.2988442,0.0,0.0,0.0,0.0,0.0,0.7637427,0.0,0.0,0.0,0.0,0.0,0.0,0.32858637,1.2188385,0.7804654,0.0,0.0
0.6437064,0.0,0.0,0.7078908,0.0,0.20899989,0.0,0.0,0.0,0.634612,0.0,0.0,0.0,0.0,0.48621023,0.0,0.0,0.0,0.0,0.0,0.2677148,0.0,0.0,0.0,0.0,0.0,0.0,0.21288185,0.54001737,0.5488059,0.0,0.0
0.586778,0.0,0.0,0.66061234,0.0,0.2669021,0.0,0.0,0.0,0.6125559,0.0,0.0,0.0,0.0,0.42685017,0.0,0.0,0.0,0.0,0.0,0.24177751,0.0,0.0,0.0,0.0,0.0,0.0,0.21569884,0.5381619,0.35828868,0.0,0.0
0.51336485,0.0,0.0,0.592425,0.0,0.21345712,0.0,0.0,0.0,0.5422898,0.0,0.0,0.0,0.0,0.38238686,0.0,0.0,0.0,0.0,0.0,0.20273334,0.0,0.0,0.0,0.0,0.0,0.0,0.18495446,0.47167736,0.36075753,0.0,0.0
0.29328915,0.0,0.0095148645,0.33030504,0.0,0.16649482,0.0,0.0,0.0,0.3245147,0.0,0.0,0.0,0.0,0.24105969,0.0,0.0,0.0,0.0,0.0,0.07636048,0.0,0.0,0.0,0.01804484,0.0,0.0,0.1357923,0.32564765,0.1981426,0.0,0.0
0.27754292,0.0,0.0,0.31580734,0.0,0.09468028,0.0,0.0,0.0,0.25268665,0.0,0.0,0.0,0.0,0.22132471,0.0,0.0,0.0,0.0,0.014002837,0.1098375,0.0,0.0,0.0,0.070073955,0.0,0.0,0.13725182,0.29191244,0.37366614,0.0,0.10988607
0.0,0.0,0.36200505,0.0,0.0,0.0,0.0,0.4231025,0.5027147,0.0,0.0,0.5798177,0.0,0.9883754,0.0,0.0,0.0,0.0,0.0,0.0,0.0,0.21344745,0.26366723,0.0,0.0,0.35181278,0.0,0.0,0.0,0.0,0.0,0.0
0.4718935,0.0,0.0,0.5507238,0.0,0.18560812,0.0,0.0,0.0,0.4905965,0.0,0.0,0.0,0.0,0.35070765,0.0,0.0,0.0,0.0,0.0,0.19164881,0.0,0.0,0.0,0.013940126,0.0,0.0,0.17874563,0.4678994,0.45600304,0.0,0.0
0.3917282,0.0,0.0,0.47957015,0.0,0.16014093,0.0,0.0,0.0,0.43653944,0.0,0.0,0.0,0.0,0.30359542,0.0,0.0,0.0,0.0,0.0,0.15384586,0.0,0.0,0.0,0.030121105,0.0,0.0,0.15426926,0.41108245,0.35693377,0.0,0.0
0.46398294,0.0,0.0,0.5463659,0.0,0.17707357,0.0,0.0,0.0,0.5038615,0.0,0.0,0.0,0.0,0.3466071,0.0,0.0,0.0,0.0,0.0,0.18473834,0.0,0.0,0.0,0.0,0.0,0.0,0.16740838,0.44027293,0.35501587,0.0,0.0
0.12704694,0.0,0.0,0.04249391,0.10185321,0.0,0.0,0.0,0.0,0.0,0.0,0.0,0.0,0.0,0.11257848,0.0,0.077452466,0.0,0.0,0.2136989,0.112871826,0.0,0.0,0.111365594,0.08860053,0.0,0.0,0.095515616,0.03698983,0.55741817,0.014294308,0.62860036
0.0,0.0,0.2632772,0.0,0.0,0.0,0.0,0.0,0.0,0.0,0.0,0.0,0.0,0.36415327,0.0,0.0,0.0,0.16819292,0.0,0.0,0.0,0.63945615,0.0,0.0,0.0,0.0,0.0,0.0,0.0,0.0,0.0,0.0
0.0,0.0,0.28064498,0.0,0.0,0.0,0.0,0.0,0.0,0.0,0.0,0.0,0.0,0.4094752,0.0,0.0,0.0,0.17701456,0.0,0.0,0.0,0.7099552,0.0,0.0,0.0,0.0,0.0,0.0,0.0,0.0,0.0,0.0
0.4107284,0.0,0.0,0.49148256,0.0,0.1594039,0.0,0.0,0.0,0.4178578,0.0,0.0,0.0,0.0,0.32611597,0.0,0.0,0.0,0.0,0.0,0.15402597,0.0,0.0,0.0,0.0,0.0,0.0,0.1564309,0.38550603,0.3848499,0.0,0.0
0.0,0.0,0.75334156,0.0,0.0,0.0,0.0,1.0000516,1.551175,0.0,0.0,1.3054048,0.0,2.0935366,0.0,0.0,0.0,0.0,0.0,0.0,0.0,0.83528095,0.96976244,0.0,0.0,0.9559881,0.0,0.0,0.0,0.0,0.0,0.0
0.0,0.0,0.36059296,0.0,0.0,0.0,0.0,0.4333228,0.48835528,0.0,0.0,0.576303,0.0,0.99515647,0.0,0.0,0.0,0.0,0.0,0.0,0.0,0.19796795,0.26552808,0.0,0.0,0.35356945,0.0,0.0,0.0,0.0,0.0,0.0
0.2733902,0.0,0.0,0.30850133,0.0,0.09408507,0.0,0.0,0.0,0.24895404,0.0,0.0,0.0,0.0,0.21867174,0.0,0.0,0.0,0.0,0.01570502,0.10756795,0.0,0.0,0.0,0.07174045,0.0,0.0,0.13655213,0.28760147,0.3739255,0.0,0.11721289
0.41784343,0.0,0.0,0.51187915,0.0,0.18942632,0.0,0.0,0.0,0.460722,0.0,0.0,0.0,0.0,0.3062918,0.0,0.0,0.0,0.0,0.0,0.15849374,0.0,0.0,0.0,0.0191993,0.0,0.0,0.1650992,0.4352557,0.3557994,0.0,0.0
0.47536233,0.0,0.0,0.5658215,0.0,0.20313035,0.0,0.0,0.0,0.513977,0.0,0.0,0.0,0.0,0.34377897,0.0,0.0,0.0,0.0,0.0,0.18811506,0.0,0.0,0.0,0.0,0.0,0.0,0.18045971,0.46542343,0.3683601,0.0,0.0
0.0,0.0,0.82865703,0.0,0.0,0.0,0.0,0.9588546,1.7101437,0.0,0.0,1.4283805,0.0,2.0832362,0.0,0.0,0.0,0.0,0.0,0.0,0.0,1.0892214,1.1082126,0.0,0.0,1.0528289,0.0,0.0,0.0,0.0,0.0,0.0
0.33465058,0.0,0.0,0.38440847,0.0,0.119645074,0.0,0.0,0.0,0.3223693,0.0,0.0,0.0,0.0,0.26048544,0.0,0.0,0.0,0.0,0.0,0.1441526,0.0,0.0,0.0,0.06616333,0.0,0.0,0.16001813,0.35047433,0.41328615,0.0,0.0544352
1.1712958,0.0,0.0,1.2384179,0.0,0.37585837,0.0,0.0,0.0,1.1707451,0.0,0.0,0.0,0.0,0.97163016,0.0,0.0,0.0,0.0,0.0,0.56644464,0.0,0.0,0.0,0.0,0.0,0.0,0.3230835,0.96473694,0.8302345,0.0,0.0
1.4308324,0.0,0.0,1.3829428,0.0,0.5782773,0.0,0.0,0.0,1.4397101,0.0,0.0,0.0,0.0,1.390916,0.0,0.0,0.0,0.0,0.0,0.8052727,0.0,0.0,0.0,0.0,0.0,0.0,0.31633744,1.2577769,0.7717685,0.0,0.0
0.13694245,0.0,0.0,0.04648091,0.050343398,0.0,0.0,0.0,0.0,0.0,0.0,0.0,0.0,0.0,0.11246579,0.0,0.031858943,0.0,0.0,0.20466056,0.08882317,0.0,0.0,0.10159481,0.09177231,0.0,0.0,0.11249168,0.07863046,0.5031085,0.0,0.5384246
0.0,0.0,0.26489264,0.0,0.0,0.0,0.0,0.0,0.0,0.0,0.0,0.0001697801,0.0,0.37213022,0.0,0.0,0.0,0.1679317,0.0,0.0,0.0,0.6445114,0.0,0.0,0.0,0.0,0.0,0.0,0.0,0.0,0.0,0.0
0.34865355,0.0,0.0,0.39726704,0.0,0.12219554,0.0,0.0,0.0,0.34019947,0.0,0.0,0.0,0.0,0.2540827,0.0,0.0,0.0,0.0,0.0,0.13319705,0.0,0.0,0.0,0.08256713,0.0,0.0,0.14501965,0.357899,0.42984408,0.0,0.04252343
0.2668319,0.0,0.0,0.31734586,0.0,0.12678789,0.0,0.0,0.0,0.28745493,0.0,0.0,0.0,0.0,0.22492298,0.0,0.0,0.0,0.0,0.0,0.07126334,0.0,0.0,0.0,0.008943662,0.0,0.0,0.11829573,0.2819765,0.1982591,0.0,0.0
1.3835317,0.0,0.0,1.3552772,0.0,0.5452983,0.0,0.0,0.0,1.3937812,0.0,0.0,0.0,0.0,1.3235966,0.0,0.0,0.0,0.0,0.0,0.7704048,0.0,0.0,0.0,0.0,0.0,0.0,0.31083944,1.2218034,0.77797973,0.0,0.0
0.0,0.0,0.0,0.0,2.7405033,0.0,0.0,0.0,0.0,0.0,0.0,0.0,0.0,0.0,0.0,0.0,2.015321,0.89518875,0.0,0.61331254,0.62377346,0.0,0.0,0.046735898,0.124727264,0.0,1.7736285,0.0,0.0,1.5878619,0.8250447,2.531624
0.25847888,0.0,0.014502063,0.29773808,0.0,0.14159513,0.0,0.0,0.0,0.26049408,0.0,0.0,0.0,0.0,0.19342056,0.0,0.0,0.0,0.0,0.0,0.06973177,0.0,0.0,0.0,0.038753144,0.0,0.0,0.114766814,0.2938998,0.16121915,0.0,0.0
0.5796805,0.0,0.0,0.6383066,0.0,0.1885607,0.0,0.0,0.0,0.56450665,0.0,0.0,0.0,0.0,0.4355125,0.0,0.0,0.0,0.0,0.0,0.24213561,0.0,0.0,0.0,0.0,0.0,0.0,0.20613758,0.50395936,0.545118,0.0,0.0
0.5238954,0.0,0.0,0.61520225,0.0,0.20854966,0.0,0.0,0.0,0.57716495,0.0,0.0,0.0,0.0,0.4258394,0.0,0.0,0.0,0.0,0.0,0.21484357,0.0,0.0,0.0,0.0,0.0,0.0,0.1925103,0.5031074,0.45356122,0.0,0.0
0.42139164,0.0,0.0,0.51555085,0.0,0.18835953,0.0,0.0,0.0,0.46072364,0.0,0.0,0.0,0.0,0.31117505,0.0,0.0,0.0,0.0,0.0,0.16214684,0.0,0.0,0.0,0.021471707,0.0,0.0,0.16448109,0.4474849,0.37641293,0.0,0.0
0.13649699,0.0,0.0,0.04608638,0.06402759,0.0,0.0,0.0,0.0,0.0,0.0,0.0,0.0,0.0,0.10878771,0.0,0.043663196,0.0,0.0,0.2071572,0.097574934,0.0,0.0,0.104698524,0.09273228,0.0,0.0,0.11104925,0.06699007,0.5157971,0.0,0.5649984
0.31305343,0.0,0.0,0.3560143,0.0,0.101700276,0.0,0.0,0.0,0.29311413,0.0,0.0,0.0,0.0,0.2450763,0.0,0.0,0.0,0.0,0.001174435,0.1182408,0.0,0.0,0.0,0.041755494,0.0,0.0,0.13940305,0.3011138,0.36665294,0.0,0.066183805
0.38287324,0.0,0.0,0.46079534,0.0,0.1317912,0.0,0.0,0.0,0.40006927,0.0,0.0,0.0,0.0,0.2702959,0.0,0.0,0.0,0.0,0.0,0.12967347,0.0,0.0,0.0,0.057706345,0.0,0.0,0.12930495,0.38446853,0.3691857,0.0,0.0
1.514322,0.0,0.0,1.4436935,0.0,0.6156249,0.0,0.0,0.0,1.5293218,0.0,0.0,0.0,0.0,1.4712042,0.0,0.0,0.0,0.0,0.0,0.85299814,0.0,0.0,0.0,0.0,0.0,0.0,0.32242492,1.3268839,0.7885748,0.0,0.0
0.0,0.0,0.0,0.0,2.89037,0.0,0.0,0.0,0.0,0.0,0.0,0.0,0.0,0.0,0.0,0.0,2.1222448,0.9689735,0.0,0.6251001,0.6399555,0.0,0.0,0.051949188,0.11140433,0.0,1.8831246,0.0,0.0,1.6458862,0.8301367,2.6198637
0.0,0.0,0.74694973,0.0,0.0,0.0,0.0,0.9568693,1.540371,0.0,0.0,1.2602679,0.0,2.0284684,0.0,0.0,0.0,0.0,0.0,0.0,0.0,0.87589455,0.9364439,0.0,0.0,0.92905647,0.0,0.0,0.0,0.0,0.0,0.0
0.4753376,0.0,0.0,0.5558646,0.0,0.21842872,0.0,0.0,0.0,0.503307,0.0,0.0,0.0,0.0,0.34787056,0.0,0.0,0.0,0.0,0.0,0.1843346,0.0,0.0,0.0,0.0,0.0,0.0,0.18324836,0.4632613,0.34830078,0.0,0.0
0.0,0.0,0.3674415,0.0,0.0,0.0,0.0,0.43958795,0.4952613,0.0,0.0,0.59092903,0.0,1.0091379,0.0,0.0,0.0,0.0,0.0,0.0,0.0,0.20722345,0.2761366,0.0,0.0,0.36356074,0.0,0.0,0.0,0.0,0.0,0.0
0.4908762,0.0,0.0,0.57620585,0.0,0.18769243,0.0,0.0,0.0,0.5257786,0.0,0.0,0.0,0.0,0.3907862,0.0,0.0,0.0,0.0,0.0,0.19490379,0.0,0.0,0.0,0.0,0.0,0.0,0.17761752,0.4689206,0.4463268,0.0,0.0
0.46049464,0.0,0.0,0.5362858,0.0,0.17744349,0.0,0.0,0.0,0.4893126,0.0,0.0,0.0,0.0,0.37361336,0.0,0.0,0.0,0.0,0.0,0.18521234,0.0,0.0,0.0,0.0,0.0,0.0,0.17841439,0.4394911,0.43062475,0.0,0.0
0.0,0.0,0.39947128,0.0,0.0,0.0,0.0,0.46924555,0.5637913,0.0,0.0,0.6544292,0.0,1.080354,0.0,0.0,0.0,0.0,0.0,0.0,0.0,0.26590663,0.3229523,0.0,0.0,0.40357298,0.0,0.0,0.0,0.0,0.0,0.0
0.0,0.0,0.30754766,0.0,0.0,0.0,0.0,0.35535216,0.37233895,0.0,0.0,0.4452151,0.0,0.92492586,0.0,0.0,0.0,0.0,0.0,0.0,0.0,0.24227415,0.21146494,0.0,0.0,0.32276577,0.0,0.0,0.0,0.0,0.0,0.0
0.22129941,0.0,0.0,0.26712537,0.0,0.09847304,0.0,0.0,0.0,0.22999112,0.0,0.0,0.0,0.0,0.19908345,0.0,0.0,0.0,0.0,0.0,0.06676422,0.0,0.0,0.0,0.049223542,0.0,0.0,0.11021422,0.25720933,0.26339686,0.0,0.07448389
0.0,0.0,0.296748,0.0,0.0,0.0,0.0,0.0,0.0,0.0,0.0,0.0,0.0,0.41089165,0.0,0.0,0.0,0.15785488,0.0,0.0,0.0,0.73043966,0.0,0.0,0.0,0.0,0.0,0.0,0.0,0.0,0.0,0.0
0.0,0.0,0.7419914,0.0,0.0,0.0,0.0,0.9609247,1.5244693,0.0,0.0,1.2625259,0.0,2.0300908,0.0,0.0,0.0,0.0,0.0,0.0,0.0,0.8450537,0.93168014,0.0,0.0,0.9287434,0.0,0.0,0.0,0.0,0.0,0.0
0.8595444,0.0,0.0,0.9449711,0.0,0.29137975,0.0,0.0,0.0,0.89412373,0.0,0.0,0.0,0.0,0.6887635,0.0,0.0,0.0,0.0,0.0,0.38957456,0.0,0.0,0.0,0.0,0.0,0.0,0.268166,0.7296568,0.65888995,0.0,0.0
1.4118153,0.0,0.0,1.3948257,0.0,0.5547874,0.0,0.0,0.0,1.4160717,0.0,0.0,0.0,0.0,1.3179685,0.0,0.0,0.0,0.0,0.0,0.77821493,0.0,0.0,0.0,0.0,0.0,0.0,0.32336333,1.2288811,0.77929413,0.0,0.0
0.48627007,0.0,0.0,0.5754004,0.0,0.21721046,0.0,0.0,0.0,0.5205511,0.0,0.0,0.0,0.0,0.3742592,0.0,0.0,0.0,0.0,0.0,0.19111922,0.0,0.0,0.0,0.0,0.0,0.0,0.18210962,0.47821423,0.3951695,0.0,0.0
0.49986193,0.0,0.0,0.5848063,0.0,0.21917535,0.0,0.0,0.0,0.52626705,0.0,0.0,0.0,0.0,0.38323638,0.0,0.0,0.0,0.0,0.0,0.19624782,0.0,0.0,0.0,0.0,0.0,0.0,0.18637015,0.4813308,0.3973636,0.0,0.0
0.0,0.0,0.34840104,0.0,0.0,0.0,0.0,0.41738045,0.44522607,0.0,0.0,0.5062871,0.0,1.0485601,0.0,0.0,0.0,0.0,0.0,0.0,0.0,0.26080596,0.25308368,0.0,0.0,0.38172573,0.0,0.0,0.0,0.0,0.0,0.0
0.0,0.0,0.29387426,0.0,0.0,0.0,0.0,0.0,0.0,0.0,0.0,0.0,0.0,0.43018228,0.0,0.0,0.0,0.18883635,0.0,0.0,0.0,0.7479857,0.0,0.0,0.0,0.0,0.0,0.0,0.0,0.0,0.0,0.0
0.4422641,0.0,0.0,0.5246029,0.0,0.17185915,0.0,0.0,0.0,0.46355665,0.0,0.0,0.0,0.0,0.32457116,0.0,0.0,0.0,0.0,0.0,0.17456266,0.0,0.0,0.0,0.033334,0.0,0.0,0.16702749,0.44460598,0.42526296,0.0,0.0
0.8744956,0.0,0.0,0.9587837,0.0,0.29471385,0.0,0.0,0.0,0.8990544,0.0,0.0,0.0,0.0,0.6976974,0.0,0.0,0.0,0.0,0.0,0.39627916,0.0,0.0,0.0,0.0,0.0,0.0,0.26676342,0.74030584,0.6609124,0.0,0.0
0.26191163,0.0,0.0,0.30804515,0.0,0.11806972,0.0,0.0,0.0,0.2813031,0.0,0.0,0.0,0.0,0.22611126,0.0,0.0,0.0,0.0,0.0,0.0706031,0.0,0.0,0.0,0.008829724,0.0,0.0,0.117964,0.27241865,0.22480206,0.0,0.0
0.0,0.0,0.35466573,0.0,0.0,0.0,0.0,0.42765796,0.4844594,0.0,0.0,0.56428164,0.0,0.9877626,0.0,0.0,0.0,0.0,0.0,0.0,0.0,0.18819256,0.2571274,0.0,0.0,0.35047144,0.0,0.0,0.0,0.0,0.0,0.0
0.31720895,0.0,0.0,0.37087804,0.0,0.1136782,0.0,0.0,0.0,0.28651777,0.0,0.0,0.0,0.0,0.2385768,0.0,0.0,0.0,0.0,3.488362e-05,0.1339488,0.0,0.0,0.0,0.07418544,0.0,0.0,0.15117633,0.34187222,0.39795318,0.0,0.065403394
0.08142261,0.0,0.0,0.042676173,0.19543692,0.0,0.0,0.0,0.0,0.0,0.0,0.0,0.0,0.0,0.09119487,0.0,0.15820791,0.019809093,0.0,0.20549628,0.1482589,0.0,0.0,0.107377425,0.077137105,0.0,0.04146862,0.07844333,0.0,0.569469,0.08538778,0.7010586
0.48049268,0.0,0.0,0.5782293,0.0,0.20531033,0.0,0.0,0.0,0.5362388,0.0,0.0,0.0,0.0,0.38316023,0.0,0.0,0.0,0.0,0.0,0.18713543,0.0,0.0,0.0,0.0,0.0,0.0,0.17494623,0.4885926,0.44375986,0.0,0.0
1.2652569,0.0,0.0,1.3334768,0.0,0.41216427,0.0,0.0,0.0,1.2697113,0.0,0.0,0.0,0.0,1.0628074,0.0,0.0,0.0,0.0,0.0,0.61608183,0.0,0.0,0.0,0.0,0.0,0.0,0.34595266,1.0309668,0.8731153,0.0,0.0
0.8149875,0.0,0.0,0.90224504,0.0,0.276837,0.0,0.0,0.0,0.85363615,0.0,0.0,0.0,0.0,0.6521659,0.0,0.0,0.0,0.0,0.0,0.37467423,0.0,0.0,0.0,0.0,0.0,0.0,0.26205248,0.7092589,0.6539685,0.0,0.0
0.5251683,0.0,0.0,0.59976155,0.0,0.22373404,0.0,0.0,0.0,0.5529002,0.0,0.0,0.0,0.0,0.3562793,0.0,0.0,0.0,0.0,0.0,0.2139982,0.0,0.0,0.0,0.0,0.0,0.0,0.19332139,0.50517976,0.3617217,0.0,0.0
0.20522743,0.0,0.0,0.2540378,0.0,0.09369846,0.0,0.0,0.0,0.19878949,0.0,0.0,0.0,0.0,0.18368696,0.0,0.0,0.0,0.0,0.0,0.061621316,0.0,0.0,0.0,0.062817916,0.0,0.0,0.10412802,0.25275555,0.25887805,0.0,0.08991821
0.13355622,0.0,0.0,0.044619538,0.07704576,0.0,0.0,0.0,0.0,0.0,0.0,0.0,0.0,0.0,0.10522016,0.0,0.058399007,0.0,0.0,0.20916584,0.10478653,0.0,0.0,0.10896312,0.092727825,0.0,0.0,0.11053077,0.05702073,0.53103477,0.0,0.5917971
0.24240652,0.0,0.0,0.29672801,0.0,0.103599414,0.0,0.0,0.0,0.2596886,0.0,0.0,0.0,0.0,0.21909994,0.0,0.0,0.0,0.0,0.0,0.07690117,0.0,0.0,0.0,0.034025766,0.0,0.0,0.11255566,0.27091265,0.27258664,0.0,0.055419438
1.3997351,0.0,0.0,1.3856559,0.0,0.5484086,0.0,0.0,0.0,1.3961376,0.0,0.0,0.0,0.0,1.3082273,0.0,0.0,0.0,0.0,0.0,0.77071846,0.0,0.0,0.0,0.0,0.0,0.0,0.32467884,1.2273529,0.7915343,0.0,0.0
0.0,0.0,0.0,0.0,2.8489926,0.0,0.0,0.0,0.0,0.0,0.0,0.0,0.0,0.0,0.0,0.0,2.0874915,0.94321644,0.0,0.6284611,0.63252723,0.0,0.0,0.055592127,0.11814442,0.0,1.8586836,0.0,0.0,1.6395022,0.8389174,2.6077151
0.0,0.0,0.28606957,0.0,0.0,0.0,0.0,0.0,0.0,0.0,0.0,0.0,0.0,0.4132362,0.0,0.0,0.0,0.18568,0.0,0.0,0.0,0.7158038,0.0,0.0,0.0,0.0,0.0,0.0,0.0,0.0,0.0,0.0
0.4419774,0.0,0.0,0.530751,0.0,0.16922556,0.0,0.0,0.0,0.48866695,0.0,0.0,0.0,0.0,0.34454873,0.0,0.0,0.0,0.0,0.0,0.17460069,0.0,0.0,0.0,0.0,0.0,0.0,0.16180272,0.43104842,0.36902395,0.0,0.0
1.4002818,0.0,0.0,1.3962172,0.0,0.5451288,0.0,0.0,0.0,1.4046214,0.0,0.0,0.0,0.0,1.2923754,0.0,0.0,0.0,0.0,0.0,0.7669947,0.0,0.0,0.0,0.0,0.0,0.0,0.32713148,1.2297587,0.8018957,0.0,0.0
0.0,0.0,0.39161855,0.0,0.0,0.0,0.0,0.47452492,0.5124157,0.0,0.0,0.6442312,0.0,1.0667381,0.0,0.0,0.0,0.0,0.0,0.0,0.0,0.23134531,0.31572124,0.0,0.0,0.39670467,0.0,0.0,0.0,0.0,0.0,0.0
0.701123,0.0,0.0,0.7621163,0.0,0.22000931,0.0,0.0,0.0,0.6905637,0.0,0.0,0.0,0.0,0.5281336,0.0,0.0,0.0,0.0,0.0,0.2935379,0.0,0.0,0.0,0.0,0.0,0.0,0.22300678,0.5671685,0.5699888,0.0,0.0
0.23034707,0.0,0.0,0.28417867,0.0,0.11316697,0.0,0.0,0.0,0.25470683,0.0,0.0,0.0,0.0,0.21092197,0.0,0.0,0.0,0.0,0.0,0.059773646,0.0,0.0,0.0,0.036049247,0.0,0.0,0.10735708,0.2678045,0.23048598,0.0,0.017504908
0.24054536,0.0,0.0,0.28853804,0.0,0.1095293,0.0,0.0,0.0,0.26019645,0.0,0.0,0.0,0.0,0.21401948,0.0,0.0,0.0,0.0,0.0,0.061053656,0.0,0.0,0.0,0.028219149,0.0,0.0,0.108665064,0.26341987,0.2305736,0.0,0.013547517
0.48784015,0.0,0.0,0.5679112,0.0,0.18714294,0.0,0.0,0.0,0.5132192,0.0,0.0,0.0,0.0,0.36607224,0.0,0.0,0.0,0.0,0.0,0.20184696,0.0,0.0,0.0,0.0073828436,0.0,0.0,0.18186526,0.4790688,0.46356028,0.0,0.0
0.47648263,0.0,0.0,0.5553134,0.0,0.19774525,0.0,0.0,0.0,0.50208336,0.0,0.0,0.0,0.0,0.3497226,0.0,0.0,0.0,0.0,0.0,0.18184678,0.0,0.0,0.0,0.0,0.0,0.0,0.16840056,0.45088524,0.35216635,0.0,0.0
0.54402566,0.0,0.0,0.6334925,0.0,0.2145759,0.0,0.0,0.0,0.59287405,0.0,0.0,0.0,0.0,0.43762636,0.0,0.0,0.0,0.0,0.0,0.22042596,0.0,0.0,0.0,0.0,0.0,0.0,0.19767405,0.5027072,0.45018226,0.0,0.0
0.5818496,0.0,0.0,0.6584944,0.0,0.24986406,0.0,0.0,0.0,0.6084968,0.0,0.0,0.0,0.0,0.43835872,0.0,0.0,0.0,0.0,0.0,0.23396626,0.0,0.0,0.0,0.0,0.0,0.0,0.20832938,0.5263903,0.39648318,0.0,0.0
0.4775255,0.0,0.0,0.5594241,0.0,0.19625281,0.0,0.0,0.0,0.4953944,0.0,0.0,0.0,0.0,0.3540021,0.0,0.0,0.0,0.0,0.0,0.1809033,0.0,0.0,0.0,0.0,0.0,0.0,0.16791183,0.4512947,0.36918414,0.0,0.0
0.0,0.0,0.0,0.0,2.8562715,0.0,0.0,0.0,0.0,0.0,0.0,0.0,0.0,0.0,0.0,0.0,2.0956583,0.9446444,0.0,0.62568676,0.6388675,0.0,0.0,0.053170092,0.11915052,0.0,1.8634312,0.0,0.0,1.638185,0.8389259,2.6072865
0.6788739,0.0,0.0,0.7356131,0.0,0.21326216,0.0,0.0,0.0,0.66323406,0.0,0.0,0.0,0.0,0.5082693,0.0,0.0,0.0,0.0,0.0,0.2846177,0.0,0.0,0.0,0.0,0.0,0.0,0.22141439,0.5529237,0.56731904,0.0,0.0
0.5239244,0.0,0.0,0.6027011,0.0,0.2283086,0.0,0.0,0.0,0.54824007,0.0,0.0,0.0,0.0,0.38167566,0.0,0.0,0.0,0.0,0.0,0.20555192,0.0,0.0,0.0,0.0,0.0,0.0,0.18925893,0.49130535,0.37541625,0.0,0.0
1.411522,0.0,0.0,1.3785013,0.0,0.59825623,0.0,0.0,0.0,1.4487933,0.0,0.0,0.0,0.0,1.3130724,0.0,0.0,0.0,0.0,0.0,0.7699299,0.0,0.0,0.0,0.0,0.0,0.0,0.3396441,1.2562371,0.7357624,0.0,0.0
0.48544148,0.0,0.0,0.5797113,0.0,0.20999502,0.0,0.0,0.0,0.5333471,0.0,0.0,0.0,0.0,0.3771155,0.0,0.0,0.0,0.0,0.0,0.19016713,0.0,0.0,0.0,0.0,0.0,0.0,0.18396384,0.47779864,0.41636413,0.0,0.0
0.5584,0.0,0.0,0.63579345,0.0,0.23990344,0.0,0.0,0.0,0.584734,0.0,0.0,0.0,0.0,0.42038074,0.0,0.0,0.0,0.0,0.0,0.22160095,0.0,0.0,0.0,0.0,0.0,0.0,0.20237797,0.5087833,0.39256036,0.0,0.0
1.4231176,0.0,0.0,1.4037662,0.0,0.55944085,0.0,0.0,0.0,1.4231235,0.0,0.0,0.0,0.0,1.3287448,0.0,0.0,0.0,0.0,0.0,0.78330064,0.0,0.0,0.0,0.0,0.0,0.0,0.32518077,1.2398638,0.78902924,0.0,0.0
0.52164197,0.0,0.0,0.60494316,0.0,0.22393183,0.0,0.0,0.0,0.54958105,0.0,0.0,0.0,0.0,0.39172643,0.0,0.0,0.0,0.0,0.0,0.2041587,0.0,0.0,0.0,0.0,0.0,0.0,0.18702632,0.49078795,0.39678934,0.0,0.0
0.2259906,0.0,0.0,0.27894706,0.0,0.100465044,0.0,0.0,0.0,0.2407584,0.0,0.0,0.0,0.0,0.20692539,0.0,0.0,0.0,0.0,0.0,0.070528686,0.0,0.0,0.0,0.045910403,0.0,0.0,0.10954126,0.26412955,0.26809594,0.0,0.068676606
0.15675405,0.0,0.0,0.20421708,0.0,0.07622121,0.0,0.0,0.0,0.16894588,0.0,0.0,0.0,0.0,0.14705786,0.0,0.0012867525,0.0,0.0,0.0,0.033694282,0.0,0.0,0.0,0.0786825,0.0,0.0,0.085290775,0.22024822,0.22919244,0.0,0.10979456
0.0,0.0,0.7163625,0.0,0.0,0.0,0.0,0.9260555,1.4487988,0.0,0.0,1.2299266,0.0,1.9614803,0.0,0.0,0.0,0.0,0.0,0.0,0.0,0.79451877,0.89326,0.0,0.0,0.895937,0.0,0.0,0.0,0.0,0.0,0.0
1.3662077,0.0,0.0,1.3465294,0.0,0.54117423,0.0,0.0,0.0,1.3793486,0.0,0.0,0.0,0.0,1.263716,0.0,0.0,0.0,0.0,0.0,0.74422574,0.0,0.0,0.0,0.0,0.0,0.0,0.31811613,1.1944556,0.7497486,0.0,0.0
0.47450832,0.0,0.0,0.5696405,0.0,0.2070462,0.0,0.0,0.0,0.5247651,0.0,0.0,0.0,0.0,0.37037563,0.0,0.0,0.0,0.0,0.0,0.18662308,0.0,0.0,0.0,0.0,0.0,0.0,0.18198882,0.4742589,0.41280496,0.0,0.0
0.48114094,0.0,0.0,0.56108314,0.0,0.18646374,0.0,0.0,0.0,0.5069294,0.0,0.0,0.0,0.0,0.3609441,0.0,0.0,0.0,0.0,0.0,0.19681132,0.0,0.0,0.0,0.008979723,0.0,0.0,0.18067199,0.4715841,0.46317828,0.0,0.0
0.47836584,0.0,0.0,0.55514324,0.0,0.19423105,0.0,0.0,0.0,0.5089358,0.0,0.0,0.0,0.0,0.33369523,0.0,0.0,0.0,0.0,0.0,0.19780597,0.0,0.0,0.0,0.0037858486,0.0,0.0,0.17756972,0.45462492,0.3110771,0.0,0.0
0.5016422,0.0,0.0,0.587055,0.0,0.24296056,0.0,0.0,0.0,0.517263,0.0,0.0,0.0,0.0,0.33903834,0.0,0.0,0.0,0.0,0.0,0.1939959,0.0,0.0,0.0,0.0,0.0,0.0,0.19365181,0.4878671,0.3437068,0.0,0.0
0.3486535,0.0,0.0,0.39726698,0.0,0.12219554,0.0,0.0,0.0,0.34019944,0.0,0.0,0.0,0.0,0.25408268,0.0,0.0,0.0,0.0,0.0,0.13319708,0.0,0.0,0.0,0.08256714,0.0,0.0,0.14501965,0.357899,0.42984408,0.0,0.04252345
0.0,0.0,0.28147236,0.0,0.0,0.0,0.0,0.0,0.0,0.0,0.0,0.003122775,0.0,0.39697945,0.0,0.0,0.0,0.17770898,0.0,0.0,0.0,0.68825895,0.0,0.0,0.0,0.0,0.0,0.0,0.0,0.0,0.0,0.0
